id,schoolorinstitution_degree_comments,schoolorinstitution_degree_datesofattendance_enddate_anydate,schoolorinstitution_degree_datesofattendance_enddate_stringdate,schoolorinstitution_degree_datesofattendance_enddate_year,schoolorinstitution_degree_datesofattendance_enddate_yearmonth,schoolorinstitution_degree_datesofattendance_startdate_anydate,schoolorinstitution_degree_datesofattendance_startdate_year,schoolorinstitution_degree_datesofattendance_startdate_yearmonth,schoolorinstitution_degree_degreedate_anydate,schoolorinstitution_degree_degreedate_year,schoolorinstitution_degree_degreedate_yearmonth,schoolorinstitution_degree_degreemajor_name,schoolorinstitution_degree_degreeminor_name,schoolorinstitution_degree_degreename,schoolorinstitution_degree_userarea_degreeuserarea_graduated,schoolorinstitution_degree_userarea_degreeuserarea_id,schoolorinstitution_degree_userarea_degreeuserarea_normalizeddegreename,schoolorinstitution_degree_userarea_degreeuserarea_normalizeddegreetype,schoolorinstitution_postaladdress_countrycode,schoolorinstitution_postaladdress_municipality,schoolorinstitution_postaladdress_region,schoolorinstitution_school_schoolname
cv48873.xml,2015 - mba em engenharia de software orientada a serviços(soa) - fiap,,,2015,,notknown,,,,2015,,serviços,,mba,,deg-1,mba,mba,,,,fiap
cv48873.xml,2001 - graduação em análise de sistemas na universidade ibirapuera,,,2001,,notknown,,,,2001,,sistemas,,graduação em análise de sistemas,,deg-2,bachelors,bachelors,,,,universidade ibirapuera
cv48873.xml,1997/2000 - graduação em análise de sistemas na universidade ibirapuera,,,2000,,,1997,,,2000,,sistemas,,graduação em análise de sistemas,,deg-3,bachelors,bachelors,,,,universidade ibirapuera
cv52261.xml,término: dezembro / 2019 - cursando (aulas somente aos sábados)   • faculdade uirapuru superior curso: análise e desenvolvimento de sistemas,,,,2019-12,notknown,,,,,,,,,false,deg-3,,,,,,faculdade uirapuru superior
cv52261.xml,curso: gerenciamento de projetos - práticas do project management institute (pmi) início: agosto / 2018,,,,2018-08,notknown,,,,,2018-08,,,,,deg-2,,,,,,práticas do project management institute
cv52261.xml,• senac sorocaba,,,,,,,,,,,,,,,deg-1,,,,,,senac sorocaba
cv52730.xml,pós-graduação em psicologia organizacional e do trabalho - universidade presbiteriana mackenzie - 2017 -   concluído,,,2017,,notknown,,,,2017,,psicologia organizacional e do trabalho,,pós-graduação em psicologia organizacional e do trabalho,true,deg-2,masters,masters,,,,universidade presbiteriana mackenzie
cv52730.xml,graduação em psicologia- centro universitário filadélfia unifil - londrina/pr - 2015- concluído,,,2015,,notknown,,,,2015,,psicologia,,graduação em psicologia,true,deg-1,bachelors,bachelors,us,londrina,pr,centro universitário filadélfia unifil
cv54159.xml,❖ graduação - psicologia - universidade paulista (unip) - 8º período (em andamento ; previsão de término 2019/2). ❖ estágio voluntário - intervenção grupal e apoio psicológico para pacientes com sobrepeso e obesidade (em andamento).,,,,2019-02,notknown,,,,,,psicologia,,graduação,false,deg-2,bachelors,bachelors,,,,universidade paulista (unip)
cv54159.xml,❖ ensino médio completo - colégio da polícia militar (cpmg) unidade modelo vasco dos reis - concluído em 2013.,,,2013,,notknown,,,,2013,,,,ensino médio completo,true,deg-1,ensino médio completo,high school or equivalent,,,,colégio da polícia militar
cv54593.xml,•  graduada em psicologia - faculdade estácio de sá goiás - fesgo.,,,,,,,,,,,psicologia,,,,deg-1,,,,,,faculdade estácio de sá goiás - fesgo
cv49052.xml,centro universitário padre anchieta psicologia - concluído jun/2018,,,,2018-06,notknown,,,,,2018-06,psicologia,,,true,deg-1,,,,,,centro universitário padre anchieta
cv42739.xml,• escolaridade formação superior (cursando).  • graduação psicologia  iesb - cursando 8° semestre.,,,,,,,,,,,psicologia,,graduação,false,deg-1,bachelors,bachelors,,,,iesb
cv45714.xml,curso superior - graduação - completo faculdade alfa- graduado em psicologia,,,,,,,,,,,graduado,,graduação,true,deg-1,bachelors,bachelors,,,,faculdade alfa
cv46066.xml,ensino superior: psicologia (cursando 10º semestre)  na usjt gestão de recursos humanos (1 semestre) interrompido,,,,,,,,,,,psicologia,,ensino superior,false,deg-1,ensino superior,some college,,,,usjt
cv52851.xml,psicóloga pela universidade de brasília  conclusão - 2/2017.,,,,2017-02,notknown,,,,,2017-02,,,,,deg-1,,,,,,universidade de brasília
cv44100.xml,instituto mauá de tecnologia gerenciamento de projetos - conclusão: dezembro/2009,,,,2009-12,notknown,,,,,2009-12,,,,,deg-1,,,,,,instituto mauá de tecnologia
cv46008.xml,•  graduação psicologia- universidade paulista (unip) - são paulo  conclusão para 12/2019,,,,2019-12,notknown,,,,,,psicologia,,graduação,false,deg-1,bachelors,bachelors,br,são paulo,,universidade paulista (unip)
cv42397.xml,bacharelado em ciências da computação universidade paulista-unip - 1999 a 2002.,,,2002,,,1999,,,2002,,ciências da computação,,bacharelado em ciências da computação,,deg-1,bachelors,bachelors,,,,universidade paulista-unip
cv44634.xml,• pós-graduação (mba) -  gestão empresarial - fgv / 2008 ->  interrompida,,,2008,,notknown,,,,2008,,gestão empresarial,,mba,,deg-1,mba,mba,,,,fgv
cv44634.xml,"• pós-graduação ""mba""   -  gestão de projetos - (pmi/mbok) - usp/f.vanzolini / 2005 ->  concluída",,,2005,,notknown,,,,2005,,gestão de projetos,,mba,true,deg-2,mba,mba,,,,
cv44634.xml,• pós-graduação -  análise de sistemas - orientado à objetos - fecap/facesp / 1998 ->  concluída,,,1998,,notknown,,,,1998,,sistemas,,pós-graduação,true,deg-3,masters,masters,,,,fecap
cv44634.xml,• pós-graduação -  organização  sistemas e métodos - o&m / processos - usjt / 1993 ->  concluída,,,1993,,notknown,,,,1993,,organização,,pós-graduação,true,deg-4,masters,masters,,,,usjt
cv44634.xml,• graduação -  tecnologia em informática/processamento de dados - ubc / 1989 ->  concluída  certificação * itil® v2 - fundation - (it infrastructure library),,,1989,,notknown,,,,1989,,tecnologia,,graduação,true,deg-5,bachelors,bachelors,,,,ubc
cv21862.xml,upis sistemas de informação  information technology  2011 - 2015,,,2015,,,2011,,,2015,,information technology,,,,deg-1,,,,,,upis
cv54672.xml,• graduada em psicologia  faculdade cathedral. concluído 12/2014.  crp- 09/010100,,,,2014-12,notknown,,,,,2014-12,psicologia,,,true,deg-1,,,,,,faculdade cathedral
cv51830.xml,fatef - fortec barcharel  sistemas de informação  2007 - 2011  honors and awards plano de retenção de talentos,,,2011,,,2007,,,2011,,,,,,deg-1,,,,,,fatef
cv47841.xml,ibta - engenharia de software - soa (ago/2009 à ago/2010).,,,,2010-08,,,2009-08,,,2010-08,engenharia de software,,,,deg-1,,,,,,ibta
cv47841.xml,pós graduação: fiap - mba gerenciamento de serviços de ti com ênfase em itil v3 (abr/2008 à dez/2008),,,,2008-12,,,2008-04,,,2008-12,,,mba,,deg-2,mba,mba,,,,fiap
cv47841.xml,pós graduação: ibta - gestão de projetos - metodologia pmi (set/2004 à set/2005).,,,,2005-09,,,2004-09,,,2005-09,gestão de projetos,,pós graduação,,deg-3,bachelors,bachelors,,,,ibta
cv47841.xml,graduação: universidade mackenzie  tecnologia em processamento de dados  1990 à 1994.,,,1994,,,1990,,,1994,,tecnologia,,graduação,,deg-4,bachelors,bachelors,,,,universidade mackenzie
cv48699.xml,2009 fiap - faculdade de informática e administração paulista   • superior completo em análise de sistemas,,,2009,,notknown,,,,2009,,,,,true,deg-1,,,,,,fiap - faculdade de informática e administração paulista
cv48669.xml,•   graduado em banco de dados  fit-faculdade impacta de tecnologia  concluído em (dezembro/2015).,,,,2015-12,notknown,,,,,2015-12,graduado,,,true,deg-1,,,,,,fit-faculdade impacta de tecnologia
cv48669.xml,•   graduado em análise e desenvolvimento de sistemas  faculdade flamingo de tecnologia  concluído em (junho/2012).,,,,2012-06,notknown,,,,,2012-06,,,,true,deg-2,,,,,,faculdade flamingo de tecnologia
cv50227.xml,universidade estácio de sá bacharel em sistemas de informação  tecnologia em tecnologia da informação/sistemas da informação  2005 - 2012,,,2012,,,2005,,,2012,,tecnologia,,bacharel em sistemas de informação,,deg-1,bachelors,bachelors,,,,universidade estácio de sá
cv47138.xml,ensino superior de psicologia concluído em 2017. fio - faculdades integradas de ourinhos (com ênfase organizacional),,,2017,,notknown,,,,2017,,psicologia,,ensino superior,true,deg-1,ensino superior,some college,,,,fio - faculdades integradas de ourinhos
cv42379.xml,• curso superior de psicologia- 7° semestre - faculdade anhanguera (noturno)  • curso técnico em administração - concluído 12/2013 etecvav vasco antônio venchiarutti - louveira-sp,,,,2013-12,notknown,,,,,2013-12,curso superior de psicologia,administração,,true,deg-1,,,br,louveira,sp,faculdade anhanguera
cv44844.xml,•   especialização em  gestão  estratégica  de  pessoas - ibpolis  /  faj  (faculdade jaguariúna)  concluído em setembro de 2013,,,,2013-09,notknown,,,,,2013-09,gestão,,,true,deg-1,,,br,jaguariúna,,faj
cv44844.xml,(universidade paulista)  concluído em dezembro de 2009   aperfeiçoamento     •   analista de departamento social – ibdec  março 2018     •   curso esocial – ibdec  janeiro 2018,,,,2009-12,notknown,,,,,2009-12,,,,true,deg-3,,,,,,universidade paulista
cv44844.xml,•   graduação  em  psicologia  (bacharel  licenciatura  e  formação  de  psicólogo) - unip,,,,,,,,,,,psicologia,,graduação,,deg-2,bachelors,bachelors,,,,unip
cv42665.xml,graduação em psicologia - universidade brasil,,,,,,,,,,,psicologia,,graduação em psicologia,,deg-1,bachelors,bachelors,,,,universidade brasil
cv38068.xml,curso superior bacharel em sistema de informação. duração (3060hs) concluída. (unidesc)-centro universitário de desenvolvimento do centro oeste,,,,,,,,,,,duração,,bacharel em sistema de informação,true,deg-1,bachelors,bachelors,,,,unidesc
cv47678.xml,tipo de curso: ensino médio profissionalizante (2º grau técnico) início: 1/1991,,,,1991-01,notknown,,,,,1991-01,,,ensino médio,,deg-2,ensino médio,high school or equivalent,,,,profissionalizante
cv47678.xml,fecap - fundação escola de comércio álvares penteado local: são paulo-sp país: brasil,,,,,,,,,,,,,,,deg-1,,high school or equivalent,br,são paulo,sp,fecap - fundação escola de comércio álvares penteado
cv54974.xml,pós em psicologia organizacional e do trabalho   fundação hermínio ometto - 03/2018 - atual,,current,,,,,2018-03,,,,pós,,,false,deg-1,,,,,,fundação hermínio ometto
cv54974.xml,graduação em psicologia  fundação hermínio ometto - 2017,,,2017,,notknown,,,,2017,,,,graduação,,deg-2,bachelors,bachelors,,,,psicologia  fundação hermínio ometto
cv44697.xml,. pós-graduação - administração de empresas -  fundação getúlio vargas. (dezembro de 2011),,,,2011-12,notknown,,,,,2011-12,administração de empresas,,pós-graduação,,deg-1,masters,masters,,,,fundação getúlio vargas
cv44697.xml,. graduação-psicologia  universidade estácio de sá. (dezembro de 2007),,,,2007-12,notknown,,,,,2007-12,psicologia,,graduação,,deg-2,bachelors,bachelors,,,,universidade estácio de sá
cv54295.xml,•   unicsul universidade cruzeiro do sul superior - gestão de tecnologia da informação - concluído12/2016,,,,,,,,,,,gestão de tecnologia da informação,,,,deg-1,,,,,,unicsul universidade cruzeiro do sul
cv54295.xml,•   faveni faculdade venda nova do imigrante pós-graduação  - mba em gerenciamento de processos de negócio bpm - em andamento3/2019,,,,,,,,,,,gerenciamento de processos,negócio,mba,,deg-2,mba,mba,,,,faveni faculdade venda nova do imigrante
cv55344.xml,pontifícia universidade católica de campinas - puc campinas 01/01/2012 até 14/12/2016 estágios em clínica  ênfase em psicologia organizacional e trabalho e psicologia educacional.,2016-12-14,,,,2012-01-01,,,2016-12-14,,,psicologia,,,,deg-2,,,,,,centro cirúrgico e outros.  pontifícia universidade católica de campinas
cv55344.xml,escola evolução técnico de enfermagem  campinas 03/03/2006 até 02/12/2008,2008-12-02,,,,2006-03-03,,,2008-12-02,,,,,,,deg-1,,high school or equivalent,br,campinas,,escola evolução técnico de enfermagem
cv52029.xml,graduação em psicologia - pontifícia universidade católica de goiás,,,,,,,,,,,psicologia,,graduação em psicologia,,deg-1,bachelors,bachelors,,,,pontifícia universidade católica de goiás
cv45665.xml,✓ graduando em psicologia - puc goiás  5° período ; ✓ curso entrevistas por competências - interação rh  são paulo - sp. ✓ curso de inglês na caa - eua ;,,,,,,,,,,,graduando,,,,deg-1,,,br,são paulo,sp,puc goiás
cv50099.xml,uni-anhanguera - centro universitário de goiás superior em processamento de dados  tecnologia da informação  2001 - 2005,,,2005,,,2001,,,2005,,tecnologia da informação,,,,deg-1,,,,,,uni-anhanguera - centro universitário de goiás
cv53590.xml,mba-gestão recursos humanos unip- inicio março de 2018 conhecimentos,,,,2018-03,notknown,,,,,2018-03,,,mba,,deg-4,mba,mba,,,,gestão recursos humanos unip- inicio
cv53590.xml,curso inteligência emocional-universidade guarulhos curso relacionamento interpessoal-são paulo airport marriott hotel treinamento de competências essenciais(espro)  workshop cultura (espro)treinamento de atendimento ao cliente (espro). curso sistema microsiga -protheus 10- modulo avaliação de desempenho modulo cargos e salários teste ( d-2  inventário ifp  bpr  htp  ac  quati  cps e htm) conhecimentos atuação com sistema datamace capacitação para modulo de recrutamento e seleção cursando inglês-setembro 2012,,,,2012-09,notknown,,,,,,,,,false,deg-6,,,,,,universidade guarulhos
cv53590.xml,grupo ser consultoria em recursos humanos - atuação universidade bandeirantes inicio: 02/03/06 término:05/01/07 cargo: estagiária recursos humanos,2007-01-05,,,,2006-03-02,,,2007-01-05,,,,,,,deg-1,,,,,,grupo ser consultoria em recursos humanos - atuação universidade bandeirantes
cv53590.xml,• atuei por onze meses em consultoria prestando serviço em instituição de ensino. (universidade bandeirantes)  realizando recrutamento de pessoal  triagem  análise e classificação de currículos  entrevistas de triagem e de seleção  correção de testes  participação em dinâmicas  realizando processo seletivo de cargos operacionais  docentes).  • noronha administração de imóveis ltda início: 01/1996 término:02/02/06 cargo: assistente administrativo  • atuei por nove anos na área administrativa  no ramo imobiliário  participando de toda a rotina administrativa do escritório.  • atendimento ao público (telefônico e recepção)  arquivo  emissão de recibo e compra de material de escritório. com vivências em recrutamento e seleção. graduação,2006-02-02,,,,,,1996-01,2006-02-02,,,,,,,deg-2,,,,,,instituição de ensino
cv53590.xml,pedagoga -universidade guarulhos início-02/2000 término-12/2003 psicologia-universidade guarulhos início-02/2004 término-06/2008,,,,2003-12,,,2000-02,,,2003-12,,,,,deg-3,,,,,,psicologia-universidade guarulhos
cv53590.xml,curso de entrevista por competência -grupo ser consultoria,,,,,,,,,,,,,,,deg-5,,,,,,grupo ser consultoria
cv43942.xml,processamento de dados com ênfase em oracle / sap - faculdade de informática e administração paulistana - fiap - 2000,,,2000,,notknown,,,,2000,,,,,,deg-1,,,,,,faculdade de informática e administração paulistana - fiap
cv42154.xml,• cursando: 8º período  noturno de psicologia  • faculdade estácio de sá,,,,,,,,,,,noturno de psicologia,,,false,deg-1,,,,,,faculdade estácio de sá
cv43498.xml,bacharelado em análise de sistemas - puc campinas - 2001,,,2001,,notknown,,,,2001,,puc campinas,,bacharelado em análise de sistemas,,deg-1,bachelors,bachelors,,,,
cv47675.xml,bacharelado em ciência da computação unip universidade do interior paulista  são paulo/brasil 2006  principais trabalhos acadêmicos ktk um toolkit gráfico que fornece um construtor de interfaces embarcado no aplicativo provendo uma nova maneira de construir gui's que permite ao usuário final construir sua própria interface modificando-a quando necessário. provê componentes de pseudo-transparência  foi desenvolvido em linguagem c++  é multiplataforma e utiliza o toolkit gtkmm. disponível em: http//emface.sf.net snackware projeto de fins recreacionais inspirado no popular software de simulação do projeto robocon,,,2006,,notknown,,,,2006,,gráfico,,bacharelado em ciência da computação,,deg-1,bachelors,bachelors,br,são paulo,,unip universidade do interior paulista
cv34194.xml,•  bacharel em sistemas de informação (2012). facnet - anhanguera.,,,2012,,notknown,,,,2012,,sistemas de informação,,bacharel em sistemas de informação,,deg-1,bachelors,bachelors,,,,facnet - anhanguera
cv34194.xml,•  pós graduação - desenvolvimento de sistemas para web (falta certificado). facnet - anhanguera.,,,,,,,,,,,desenvolvimento de sistemas para web,,pós graduação,,deg-2,bachelors,bachelors,,,,facnet - anhanguera
cv48794.xml,•   certificação como professional coaching e self coaching - instituto menthes (2017).  •   formação em analista avançado em inteligência emocional e comportamento humano -  instituto,,,2017,,notknown,,,,2017,,,,,,deg-1,,,,,,instituto menthes
cv48794.xml,•   orientação e coaching vocacional - instituto maurício sampaio (2017).,,,2017,,notknown,,,,2017,,,,,,deg-2,,,,,,instituto maurício sampaio
cv48794.xml,•   pós-graduada em gestão de pessoas / 2014 (interrompida - universidade católica dom bosco),,,2014,,notknown,,,,2014,,pós-graduada,,,,deg-3,,,,,,universidade católica dom bosco
cv48794.xml,•   graduada em psicologia pela puc minas / 2009,,,2009,,notknown,,,,2009,,psicologia pela puc minas,,,,deg-4,,,,,,puc minas
cv50205.xml,unítalo - centro universitário ítalo brasileiro. graduação  tecnologia da informação  2004 - 2007,,,2007,,,2004,,,2007,,tecnologia da informação,,graduação,,deg-1,bachelors,bachelors,,,,centro universitário ítalo brasileiro
cv53105.xml,superior completo (processamento de dados  mackenzie) conclusão em 1996.,,,1996,,notknown,,,,1996,,,,,true,deg-1,,,,,,mackenzie
cv54171.xml,análise e desenvolvimento de sistemas - unopar rj 02/2015 - trancado (finalização prevista: 07/2018),,,,2018-07,,,2015-02,,,2018-07,,,,,deg-1,,,,,,unopar rj
cv54171.xml,curso profissionalizante em j2ee  senac em rio de janeiro 07/2014 - 09/2014,,,,2014-09,2014-01-07,,,,,2014-09,,,,,deg-2,,,br,rio de janeiro,,senac em rio de janeiro
cv45459.xml,•   pós- graduação em gestão de recursos humanos  uninter 03/2018 -   03/2020,,,,2020-03,,,2018-03,,,,gestão de recursos humanos,,pós- graduação em gestão de recursos humanos,false,deg-2,bachelors,bachelors,,,,uninter
cv45459.xml,•   curso extra-curricular / profissionalizante em psicologia organizacional recrutamento e seleção  portal da educaçao em minas gerais: 06/2015 -   08/2015  •   ensino superior em psicologia  universidade de uberaba em minas,,,,2015-08,,,2015-06,,,2015-08,profissionalizante,,ensino superior,,deg-1,ensino superior,some college,,,,universidade de uberaba em minas
cv42559.xml,psicologia - universidade metodista de são paulo. conclusão: 2018,,,2018,,notknown,,,,,,psicologia,,,false,deg-1,,,br,são paulo,,universidade metodista de são paulo
cv56549.xml,3o grau em ciência da computação instituição: universidade do vale do paraíba - univap cidade: são josé dos campos - sp término: 1999,,,1999,,notknown,,,,1999,,ciência da computação,,,,deg-1,,,br,são josé dos campos,sp,universidade do vale do paraíba - univap
cv38699.xml,unifenas - universidade josé do rosário vellano bacharel em ciência da computação  1997 - 2000,,,2000,,,1997,,,2000,,ciência da computação,,bacharel em ciência da computação,,deg-1,bachelors,bachelors,,,,unifenas - universidade josé do rosário vellano
cv54112.xml,•   bachelor's degree in administration of processes management - uninter (2010),,,2010,,notknown,,,,2010,,administration of processes management,,bachelor's degree in administration of processes management,,deg-2,bachelors,bachelors,,,,uninter
cv54112.xml,•   high scholl technical degree in industrial electronics - cefet/rj (1999)  •   fluent english and advanced spanish,,,1999,,notknown,,,,1999,,industrial electronics,,,,deg-3,,,,,,cefet/rj
cv54112.xml,•   mba in oil  gas  & biofuels engineering - uninter (currently studying),,,,,,,,,,,gas  & biofuels engineering,,mba,false,deg-1,mba,mba,,,,uninter
cv44331.xml,faculdade campos salles pós-graduação em gerenciamento de projetos em e-commerce trancado - 2015,,,2015,,notknown,,,,2015,,trancado,,pós-graduação em gerenciamento de projetos em e-commerce,,deg-2,masters,masters,,,,faculdade campos salles
cv44331.xml,faculdade uninove psicologia incompleto - 2005 á 2009,,,2009,,,2005,,,,,psicologia,,,false,deg-3,,,,,,faculdade uninove
cv44331.xml,fiap - faculdade de informática e administração paulista analise de sistemas completo - 1999 á 2001,,,2001,,,1999,,,2001,,,,,true,deg-1,,,,,,fiap - faculdade de informática e administração paulista
cv41570.xml,graduação em pedagogia * unb - universidade de brasília (faculdade de educação)   cursos especiais  língua estrangeira,,,,,,,,,,,pedagogia,,graduação em pedagogia,,deg-1,bachelors,bachelors,,,,unb - universidade de brasília (faculdade de educação)
cv42655.xml,analise e desenvolvimento de sistemas - universidade cruzeiro do sul,,,,,,,,,,,,,,,deg-1,,,,,,sistemas - universidade cruzeiro do sul
cv56041.xml,ensino superior em psicologia - conclusão 2017 universidade do grande abc,,,2017,,notknown,,,,2017,,psicologia,,ensino superior,,deg-2,ensino superior,some college,,,,universidade do grande abc
cv56041.xml,pós-graduação em psicopedagogia - cursando universidade cruzeiro do sul,,,,,,,,,,,psicopedagogia,,pós-graduação em psicopedagogia,false,deg-1,masters,masters,,,,universidade cruzeiro do sul
cv56041.xml,ensino superior em pedagogia - trancado.,,,,,,,,,,,pedagogia,,ensino superior,,deg-3,ensino superior,some college,,,,
cv53065.xml,pontifícia universidade católica de são paulo (puc - sp) graduação em administração - concluído formação: junho/18,,,,2018-06,notknown,,,,,2018-06,administração,,graduação em administração,true,deg-1,bachelors,bachelors,br,são paulo,,pontifícia universidade católica de são paulo
cv44112.xml,graduação: tecnologia em análise e desenvolvimento de sistema instituição: universidade brasileira de são paulo - (uniban) curso: concluído   principais objetivos profissionais: analista de sistemas .net pleno  conhecimentos técnicos: ferramentas de desenvolvimento: visual studio 2010  2012  2013  2015. visual studi code.  tecnologias de desenvolvimento c#  ef  migration  linq  angular 2  js  jquery  html 5  css 3.  gerenciamento de projetos kanban  scrum  bancos de dados microsoft sql server (2008  2012  2014).,,,2012,,,2008,,,2012,,tecnologia,,graduação,true,deg-1,bachelors,bachelors,br,são paulo,,universidade brasileira de são paulo - (uniban)
cv41179.xml,pós-graduação em terapia cognitivo comportamental instituto de psicologia e controle do stress - ipcs - (05/2016 - 05/2018).,,,,2018-05,,,2016-05,,,,terapia cognitivo comportamental,,pós-graduação em terapia cognitivo comportamental,false,deg-1,masters,masters,,,,instituto de psicologia e controle do stress
cv41179.xml,graduação em psicologia - crp ativo universidade federal de são carlos - ufscar - (03/2012 - 03/2017).,,,,2017-03,,,2012-03,,,2017-03,crp ativo,,graduação em psicologia,,deg-2,bachelors,bachelors,,,,universidade federal de são carlos - ufscar
cv54067.xml,• universidade federal do pará (ufpa) bacharela em psicologia com ênfase em gestão e clínica período: 2013 a 2018.,,,2018,,,2013,,,,,bacharela,,,false,deg-1,,,,,,universidade federal do pará (ufpa)
cv47115.xml,• recrutamento e seleção - senac (2018),,,2018,,notknown,,,,,,,,,false,deg-1,,,,,,senac
cv47115.xml,• técnicas administrativas com ênfase em informática - centro educacional comunitário são paulo apóstolo. (dezembro de 2009),,,,2009-12,notknown,,,,,2009-12,,,,,deg-2,,high school or equivalent,,,,centro educacional comunitário são paulo apóstolo
cv42211.xml,• graduação em psicologia - faculdades metropolitanas unidas fmu - cursando 3º semestre  conclusão em 07/2021.,,,,2021-07,notknown,,,,,,psicologia,,graduação em psicologia,false,deg-1,bachelors,bachelors,,,,faculdades metropolitanas unidas fmu
cv42211.xml,• pós graduação em psicologia organizacional - universidade paulista - unip conclusão 08/2015.,,,,2015-08,notknown,,,,,2015-08,psicologia organizacional,,pós graduação em psicologia organizacional,,deg-2,bachelors,bachelors,,,,universidade paulista - unip
cv42211.xml,• graduação em gestão de recursos humanos - faculdades metropolitanas unidas fmu - conclusão 12/2012.,,,,2012-12,notknown,,,,,2012-12,faculdades metropolitanas unidas,,graduação em gestão de recursos humanos,,deg-3,bachelors,bachelors,,,,fmu
cv6499.xml,igti estratégia em arquitetura de software  ciências da computação e informática 2014 - 2015 centro universitário de brasília ciência da computação  ciências da computação e informática,,,2015,,,2014,,,2015,,estratégia,,,,deg-1,,,,,,centro universitário de brasília
cv52404.xml,• ensino superior - bacharelado em psicologia - faculdade de macapá - fama    ~~~~~~~~~~~~~~~~~~~~~~~~~~~~~ psicóloga crp10/05846 ap  17/05/2018,2018-05-17,,,,notknown,,,2018-05-17,,,psicologia,,ensino superior,,deg-1,ensino superior,some college,,,,faculdade de macapá - fama
cv38615.xml,centro universitário de brasília specialization  analysis and systems development.  2011 - 2012,,,2012,,,2011,,,2012,,analysis and systems development,,,,deg-1,,,,,,centro universitário de brasília
cv38615.xml,centro universitário de brasília graduation  systems analysis  2007 - 2010 cdi - politec,,,2010,,,2007,,,2010,,,,,,deg-2,,,,,,centro universitário de brasília
cv42155.xml,✓ ensino médio completo. ✓ cursando ensino superior em psicologia na pontifícia universidade católica de goiás. sétimo período.,,,,,,,,,,,psicologia,,ensino médio completo,false,deg-1,ensino médio completo,high school or equivalent,,,,pontifícia universidade católica de goiás
cv42748.xml,o pós - graduação em psicologia organizacional e do trabalho -  unisa - 2012,,,2012,,notknown,,,,2012,,psicologia organizacional e do trabalho,,graduação,,deg-1,bachelors,bachelors,,,,unisa
cv42748.xml,o administração específica em recursos humanos - uninove  - 2010,,,2010,,notknown,,,,2010,,administração específica,,,,deg-2,,,,,,uninove
cv45252.xml,⦁   especialização em ciência de dados para negócios  - johns hopkins university - (em curso com termino em 12/2015) ⦁   especialização em solução criativa de problemas - universidade de minnesota ⦁   responsável por melhores práticas de ti utilizando itil v3 e cobit,,,,2015-12,notknown,,,,,2015-12,,,,,deg-1,,,,,,universidade de minnesota
cv45252.xml,; fgv  2010 ⦁   treinamento para certificação dba em microsoft sql - microsoft brasil,,,2010,,notknown,,,,2010,,,,,,deg-3,,,,,,fgv
cv45252.xml,⦁   especialização em bi - universidade autônoma de barcelona. ⦁   certificação pmp - metodo prof. rita mulcahy ⦁   curso de balanced scorecard,,,,,,,,,,,,,pmp,,deg-2,pmp,certification,es,barcelona,,bi - universidade autônoma de barcelona
cv45252.xml,⦁   academia sap modulo mm  basis e bo  - sap brasil ⦁   treinamento em coaching e gestao. - salinas coaching. ⦁   especialização em servidores x series ibm brasil. ⦁   desenvolvimento e design em php nos frameworks: codeigniter   zend e 1 symphony. ⦁   conhecimento nas principais ferramentas de proteção a trafego de dados (firewall) presentes no mercado como por exemplo watchguard  symantec e ibm. ⦁   execução  planejamento e implantação de projeto de rastreabilidade por rfid em empresa de soluções médico-hospitalares com integração a gestão de estoques em sap  integrado por webservice para controle de consignados. ⦁   gestão do projeto de implantação de soluções fiscais e contábeis utilizando ferramentas totvs   sap  mastersaf e synchro. ⦁   conhecimento em oracle e pl-sql. ⦁   treinamento em google cloud vision e machine learning para aplicações mobile e web - google brasil ; ⦁   treinamento ibm watson- ibm brasil,,,,,,,,,,,basis e bo,,mm,,deg-4,masters,masters,,,,academia sap modulo
cv38677.xml,fundação universa mba  engenharia e desenvolvimento de software.  2013 - 2014,,,2014,,,2013,,,2014,,engenharia e desenvolvimento de software,,mba,,deg-1,mba,mba,,,,fundação universa
cv38677.xml,faculdade projeção bacharel  sistemas de informação  2009 - 2012,,,2012,,,2009,,,2012,,sistemas de informação,,bacharel,,deg-2,bachelors,bachelors,,,,faculdade projeção
cv52483.xml,• psicologia - 8º semestre (cursando - noturno) faculdades metropolitanas unidas - fmu / conclusão: dezembro /2019,,,,2019-12,notknown,,,,,,psicologia,,,false,deg-1,,,,,,faculdades metropolitanas unidas - fmu
cv44169.xml,2018 - instituto infnet,,,2018,,notknown,,,,,,,,,false,deg-1,,,,,,instituto infnet
cv44169.xml,2004 - universidade estácio de sá  ● bacharelado em informática. (ênfase em análise de sistemas).,,,2004,,notknown,,,,2004,,ênfase,,bacharelado em informática,,deg-3,bachelors,bachelors,,,,universidade estácio de sá
cv44169.xml,1998 - colégio santa mônica  ● 2º grau técnico em informática.,,,1998,,notknown,,,,1998,,,,,,deg-4,,,,,,colégio santa mônica
cv44169.xml,● mit em governança e melhores práticas em ti.,,,,,,,,,,,,,,,deg-2,,,,,,mit em governança e melhores práticas em ti
cv49073.xml,técnico de informática  2012 - 2014 activities and societies: implementação de uma rede social em php mvc e mysql  colégio cruzeiro do sul,,,2014,,,2012,,,2014,,técnico de informática,,,,deg-2,,,,,,colégio cruzeiro do sul
cv49073.xml,ensino médio completo  2000 - 2003 activities and societies: exposição de projetos mecatrônicos interescolares.  e-learning andré baltiere cursos livres:  •  domínios ricos parte 1 •  aplicações escalonáveis com arquiteturas  •  domínios ricos parte 2 modernas parte 2  •  domínios ricos parte 3 •  aplicações escalonáveis com arquiteturas  •  domínios ricos parte 4 modernas parte 3  •  ef parte 1 •  aplicações escalonáveis com arquiteturas  •  ef parte 2 modernas parte 4  •  ef parte 3 •  aplicações escalonáveis com arquiteturas  •  aplicações escalonáveis com arquiteturas modernas parte 5 modernas parte 1 •  aplicações escalonáveis com arquiteturas modernas parte 6 e-learning eduardo pires  •  asp net core + angular js 4 (40hrs),,,2003,,,2000,,,2003,,activities and societies,,ensino médio completo,true,deg-3,ensino médio completo,high school or equivalent,,,,
cv49073.xml,escola de idiomas fisk inglês módulos: básico 1  básico 2  intermediário 1  intermediário 2 de 2000 - 2002  microlins rio preto,,,2002,,,,2000-02,,2002,,,,,,deg-1,,high school or equivalent,,,,escola de idiomas fisk
cv42212.xml,• bacharel em psicologia  instituição de ensino: faef - garça-sp ano  de  conclusão: 2017  com  bolsa  de  estudos  100%  prouni  obtida  através  do  desempenho  no enem.,,,2017,,notknown,,,,2017,,psicologia,,bacharel em psicologia,,deg-1,bachelors,bachelors,br,garça,sp,faef
cv44690.xml,o pós graduação - cesvale especialização em gestão de recursos humanos com coachig  2018.1 / 2019.2,,,,2019-02,,,2018-01,,,,gestão de recursos humanos,,pós graduação,false,deg-1,bachelors,bachelors,,,,cesvale
cv44690.xml,o ensino superior - faculdade santo agostinho/pi curso: psicologia  2012.1 - 2017.1,,,,2017-01,,,2012-01,,,2017-01,psicologia,,ensino superior,,deg-2,ensino superior,some college,,,,faculdade santo agostinho/pi
cv44690.xml,o ensino superior - faculdade anhanguera/pi curso: serviço social  2010.1 - 2014.1  o registro profissional ativo: crp - pi: 21/03130,,,,2014-01,,,2010-01,,,2014-01,serviço social,,ensino superior,,deg-3,ensino superior,some college,,,,faculdade anhanguera
cv54624.xml,• pós-graduada em mba em gestão de pessoas e coaching - (conclusão em novembro de 2017).,,,,2017-11,notknown,,,,,2017-11,gestão de pessoas e coaching,,mba,,deg-1,mba,mba,,,,
cv50486.xml,administração de empresas - faculdade guaianás - início fev/2004 e término dez/2007.,,,,2007-12,,,2004-02,,,2007-12,administração de empresas,,,,deg-1,,,,,,faculdade guaianás
cv42306.xml,inglês: grafton college - dublin - irlanda  resumo da experiência   • funcionais: análise orientada a objetos  uml  scrum  ddd.  • linguagens/web: visual basic/vb.net  html5  javascript  jquery  angular js  css3  bootstrap  asp 3.0(asp clássico) e asp.net c/ ajax  c#  win forms  linq  webservices  wcf  mvc  entity framework  webapi  restfull  json.  • bancos de dados: sql server  oracle  mysql  postgre  criação de stored procedures  triggers e views  importação de arquivos textos  manipulação de xml.  • ferramentas: erwin  visual studio (6.0 a 2015)  crystal reports  reporting services e android studio.  • plataformas: windows e web.  • mobile (cursos): android  kotlin  xamarin  html5  phone gap  css3.,,,,,,,,,,,,,,,deg-1,,,ie,dublin,,grafton college
cv41460.xml,•  graduação em ciência da computação  universidade cruzeiro do sul  concluída em 2012.,,,2012,,notknown,,,,2012,,ciência da computação,,graduação em ciência da computação,true,deg-1,bachelors,bachelors,,,,universidade cruzeiro do sul
cv44753.xml,mba- gestão de projetos fiap - faculdade de informática e administração paulista conclusão: maio de 2018.  sistema de informação,,,,2018-05,notknown,,,,,2018-05,gestão de projetos,,mba,,deg-1,mba,mba,,,,fiap - faculdade de informática e administração paulista
cv44753.xml,uniban - universidade bandeirantes conclusão: dezembro de 2011.,,,,2011-12,notknown,,,,,2011-12,,,,,deg-2,,,,,,uniban - universidade bandeirantes
cv47668.xml,jan/89 a dez/92 - ciências da computação na universidade católica de santos (unisantos).,,,,1992-12,,,1989-01,,,1992-12,ciências da computação,,,,deg-1,,,,,,universidade católica de santos (unisantos)
cv45981.xml,bacharelado em psicologia  centro universitário paulistano- unipaulistana /( cursando)conclusão: 12/2022,,,,2022-12,notknown,,,,,,psicologia,,bacharelado em psicologia,false,deg-1,bachelors,bachelors,,,,centro universitário paulistano- unipaulistana
cv45981.xml,pós-graduação mba em gestão de pessoas faculdade campo limpo paulista-faccamp /conclusão: 12/2015,,,,2015-12,notknown,,,,,2015-12,gestão de pessoas,,mba,,deg-2,mba,mba,,,,faculdade campo limpo paulista-faccamp
cv45981.xml,graduação em recursos humanos faculdade campo limpo paulista-faccamp /conclusão: 12/2014,,,,2014-12,notknown,,,,,2014-12,recursos humanos,,graduação em recursos humanos,,deg-3,bachelors,bachelors,,,,faculdade campo limpo paulista-faccamp
cv44289.xml,pós-graduação - mba em gerenciamento de projetos - concluído 11/2012,,,,2012-11,notknown,,,,,2012-11,gerenciamento de projetos,,mba,true,deg-3,mba,mba,,,,
cv44289.xml,universo universidade salgado de oliveira superior - análise de sistemas - concluído 8/2000,,,,2000-08,notknown,,,,,2000-08,,,,true,deg-1,,,,,,universo universidade salgado de oliveira
cv44289.xml,ipog instituto de pós-graduação,,,,,,,,,,,,,pós-graduação,,deg-2,masters,masters,,,,ipog
cv53187.xml,carga: 3 anos (concluído no 1° semestre de 2015) instituição: ifsp - guarulhos (instituto federal de ciência e tecnologia de são paulo) av. salgado filho  s/n. vila rio de janeiro - guarulhos- sp. tel: (11) 2456-2893 ifspguarulhos.edu.br   pós graduação lato sensu em gestão de sistemas de informação carga: 2 anos (cursando 3º semestre),,,2015,,notknown,,,,,,lato sensu,,pós graduação,false,deg-2,bachelors,bachelors,br,guarulhos,sp,ifsp - guarulhos (instituto federal de ciência e tecnologia de são paulo)
cv53187.xml,instituição: ifsp - guarulhos (instituto federal de ciência e tecnologia de são paulo) av. salgado filho  s/n. vila rio de janeiro - guarulhos- sp. tel: (11) 2456-2893 ifspguarulhos.edu.br,,,2011,,notknown,,,,2011,,,,,,deg-3,,,br,guarulhos,sp,ifsp - guarulhos (instituto federal de ciência e tecnologia de são paulo)
cv53187.xml,ensino médio completo escola: e.e profº frederico de barros brotero  técnico em informática - programação e desenvolvimento de sistemas. carga: 2 anos (iniciado em 2° semestre de 2006 e concluído no 2° semestre de 2008). instituição: ifsp - guarulhos (instituto federal de ciência e tecnologia de são paulo) av. salgado filho  s/n. vila rio de janeiro - guarulhos- sp. tel: (11) 2456-2893 ifspguarulhos.edu.br  superior tecnólogo  programação e desenvolvimento de sistemas,,,2006,,notknown,,,,2006,,,,ensino médio completo,true,deg-1,ensino médio completo,high school or equivalent,br,guarulhos,sp,ifsp - guarulhos (instituto federal de ciência e tecnologia de são paulo)
cv48990.xml,.net core foundations  green treinamento — ​curso técnico presencial - 01/2010 à 03/2010                                                                                 tecnologias front-end                                                                                                   html ​(15 anos) sistemas de informação  ​universidade são judas tadeu — superior completo -                                                         ​                                         html 5 ​(2 anos) 01/2008 à 12/2012                                                                                            ​                                                                                                   css / scss (8 anos)                                                                                                              ​                                                                                                   javascript (12 anos)                                                                                                   jquery ​(9 anos),,,,2010-03,,,2010-01,,,2010-03,,,,true,deg-1,,,,,,universidade são judas tadeu
cv52574.xml,• ensino superior completo  universidade anhanguera  psicologia 06/2018.,,,,2018-06,notknown,,,,,2018-06,psicologia,,ensino superior,true,deg-1,ensino superior,some college,,,,universidade anhanguera
cv52574.xml,• ensino superior  universidade bandeirantes de são paulo  hotelaria  eventos e turismo 06/2013 - trancado.,,,,2013-06,notknown,,,,,2013-06,eventos e turismo,,ensino superior,,deg-2,ensino superior,some college,br,são paulo,,universidade bandeirantes de são paulo
cv42172.xml,• pós-graduação - construção de software orientado a objetos senac - conclusão em 2010.,,,2010,,notknown,,,,2010,,software orientado,,pós-graduação,,deg-2,masters,masters,,,,senac
cv42172.xml,• bacharelado em administração com ênfase em análise de sistemas unip - conclusão em 2004.,,,2004,,notknown,,,,2004,,ênfase,,bacharelado em administração,,deg-1,bachelors,bachelors,,,,unip
cv47092.xml,curso de psicopatologia forense: criminal profiling ; técnico em logística - etec aprígio gonzaga ; qualificação profissional em departamento de pessoal - euro data curso de informática escola - euro data treinamento de orientação profissional - escola server logística em educação,,current,,,notknown,,,,,,técnico,,,false,deg-1,,some high school or equivalent,,,,escola server logística em educação
cv46044.xml,curso: psicologia instituição: universidade de santo amaro (unisa) período: 02/2015 previsão término 12/2019  curso: gestão de recursos humanos,,,,2019-12,,,2015-02,,,,psicologia,,,false,deg-1,,,,,,universidade de santo amaro (unisa)
cv46044.xml,instituição: estácio uniradial período: 03/2010 até 12/2012,,,,2012-12,,,2010-03,,,2012-12,,,,,deg-2,,,,,,estácio uniradial
cv44350.xml,ensino superior tecnólogo em análise e desenvolvimento de sistemas - cursando. universidade: uniprojeção ceilândia.,,,,,,,,,,,,,ensino superior,false,deg-1,ensino superior,some college,,,,tecnólogo em análise e desenvolvimento de sistemas
cv54525.xml,•  graduada em psicologia - universidade salgado de oliveira (universo) conclusão em 2017.,,,2017,,notknown,,,,2017,,psicologia,,,,deg-2,,,,,,universidade salgado de oliveira (universo)
cv54525.xml,•  gestão de pessoas - faculdade sul americana (fasam) conclusão em 2011.,,,2011,,notknown,,,,2011,,gestão,,,,deg-1,,,,,,faculdade sul americana (fasam)
cv42125.xml,curso superior incompleto  • gestão de pessoas (fasam) - cursando (término 12/17),,,,2017-12,notknown,,,,,,gestão de pessoas,,,false,deg-1,,,,,,fasam
cv42125.xml,• direito (pontifícia universidade católica de goiás-puc)- trancado,,,,,,,,,,,direito,,,,deg-2,,,,,,pontifícia universidade católica de goiás
cv44679.xml,especialização em engenharia de software (2006) instituto de computação - unicamp pós-graduação concluída,,,2006,,notknown,,,,2006,,engenharia de software,,pós-graduação,true,deg-1,masters,masters,,,,instituto de computação - unicamp
cv44679.xml,administração com ênfase em análise de sistemas (2001 - 2004) fasp - faculdades associadas de são paulo nível superior concluído   competências c#.net asp.net mvc asp.net web forms visual basic 6.0 entity framework sql server  oracle html  css  javascript vss  tfs  git,,,2004,,,2001,,,2004,,administração,,,true,deg-2,,,br,são paulo,,fasp - faculdades associadas de são paulo
cv53130.xml,bacharelado em ciências da computação - universidade nove de julho - 2016,,,,2016-07,notknown,,,,,2016-07,ciências da computação,,bacharelado em ciências da computação,,deg-1,bachelors,bachelors,,,,universidade nove de julho
cv53130.xml,mba - gestão do ensino superior - campos elíseos - (cursando),,,,,,,,,,,,,mba,false,deg-2,mba,mba,,,,gestão do ensino superior
cv37384.xml,mba governança nas tecnologias da informação  2014 - 2015 universidade salgado de oliveira,,,2015,,,2014,,,2015,,governança nas tecnologias da informação,,mba,,deg-2,mba,mba,,,,universidade salgado de oliveira
cv37384.xml,ipog - instituto de pós-graduação e graduação,,,,,,,,,,,,,pós-graduação,,deg-1,masters,masters,,,,ipog - instituto de pós
cv46040.xml,instituição: universidade são judas tadeu conclusão prevista: 2019.,,,2019,,notknown,,,,,,,,,false,deg-2,,,,,,universidade são judas tadeu
cv46040.xml,ensino médio completo instituição: e.e. maria aparecida damo ferreira concluído em 2012 ;  cursando psicologia,,,2012,,notknown,,,,,,,,ensino médio completo,false,deg-1,ensino médio completo,some high school or equivalent,,,,e.e. maria aparecida damo ferreira
cv45481.xml,• mba - gerenciamento de projetos - fgv - fundação getúlio vargas - 05/2017,,,,2017-05,notknown,,,,,2017-05,gerenciamento de projetos,,mba,,deg-1,mba,mba,,,,fgv - fundação getúlio vargas
cv45481.xml,• graduado em tecnologia da informação pela fia - faculdades interação americana conclusão - dez/2008,,,,2008-12,notknown,,,,,2008-12,tecnologia da informação pela fia,,,,deg-2,,,,,,faculdades interação americana
cv44204.xml,mba gestão de projetos - 2015 - imis (trancado),,,2015,,notknown,,,,2015,,gestão de projetos,,mba,,deg-1,mba,mba,,,,
cv44204.xml,análise de sistema - 2000 - universidade paulista unip,,,2000,,notknown,,,,2000,,,,,,deg-2,,,,,,universidade paulista unip
cv44204.xml,técnico em eletrônica - 1995 - instituto ensino de são caetano do sul,,,1995,,notknown,,,,1995,,eletrônica,,,,deg-3,,,,,,instituto ensino de são caetano do sul
cv43893.xml,pós-graduação mba em desenvolvimento de aplicações para dispositivos móveis - inicio em 05/2015 - trancada. - instituição: fiap,,,,2015-05,notknown,,,,,2015-05,desenvolvimento de aplicações para dispositivos móveis,,mba,,deg-1,mba,mba,,,,fiap
cv43893.xml,pós-graduação especialização em engenharia de software com soa - concluída em out/2011 - instituição: veris - ibta,,,,2011-10,notknown,,,,,2011-10,engenharia de software,,pós-graduação,true,deg-2,masters,masters,,,,ibta
cv43893.xml,graduação desenvolvimento de aplicações para internet - concluída em 12/2008 - instituição: faculdade impacta de tecnologia.,,,,2008-12,notknown,,,,,2008-12,desenvolvimento de aplicações para internet,,graduação,true,deg-3,bachelors,bachelors,,,,faculdade impacta de tecnologia
cv52602.xml,uninove: ➢ psicologia  cursando 7º semestre. ➢ formação em administração de recursos humanos  conclusão julho de 2012.,,,,2012-07,notknown,,,,,,psicologia,,,false,deg-1,,,,,,uninove
cv54906.xml,• bacharelado em sistemas de informação - uniso - concluído em 2006,,,2006,,notknown,,,,2006,,sistemas de informação,,bacharelado em sistemas de informação,true,deg-1,bachelors,bachelors,,,,uniso
cv54906.xml,• técnico em informática. colégio universitário - concluído em 2001 - sorocaba/sp,,,2001,,notknown,,,,2001,,,,,true,deg-2,,,br,sorocaba,sp,colégio universitário
cv44483.xml,● psicologia término: 06/2017 universidade braz cubas,,,,2017-06,notknown,,,,,2017-06,psicologia,,,,deg-1,,,,,,universidade braz cubas
cv44483.xml,● técnico em farmácia período: 2008 á 07/2010 escola técnica mogiana,,,,2010-07,,2008,,,,2010-07,técnico,,,,deg-2,,high school or equivalent,,,,escola técnica mogiana
cv44617.xml,• ensino superior completo - psicologia,,,,,,,,,,,psicologia,,ensino superior,true,deg-1,ensino superior,some college,,,,
cv21667.xml,saga - school of art  game and animation start  animation  interactive technology  video graphics and special effects  2012 - 2013 activities and societies: photoshop  pintura digital  illustrator,,,2013,,,2012,,,2013,,game and animation,,,,deg-1,,,,,,school of art
cv21667.xml,bacharel  sistemas de informação  2009 - 2011 training tecnologia,,,2011,,,2009,,,2011,,sistemas de informação,,bacharel,,deg-2,bachelors,bachelors,,,,
cv40707.xml,*  graduação sistemas de informação  universidade católica de brasília.,,,,,,,,,,,sistemas de informação,,graduação,,deg-1,bachelors,bachelors,,,,universidade católica de brasília
cv48939.xml,docência do ensino superior  fac fortium junho de 2017 - julho de 2018,,,,2018-07,,,2017-06,,,2018-07,,,ensino superior,,deg-1,ensino superior,some college,,,,fac fortium
cv44335.xml,graduação em ciência da computação - concluído em jul./2013. universidade presbiteriana mackenzie,,,2013,,notknown,,,,2013,,ciência da computação,,graduação em ciência da computação,true,deg-1,bachelors,bachelors,,,,universidade presbiteriana mackenzie
cv44067.xml,mba em gestão de projetos universidade federal do rio de janeiro - ufrj,,,,,,,,,,,gestão de projetos,,mba,,deg-1,mba,mba,,,,universidade federal do rio de janeiro - ufrj
cv44067.xml,graduação em tecnologia em processamento de dados pontifícia universidade católica - puc,,,,,,,,,,,tecnologia,,graduação em tecnologia em processamento de dados,,deg-2,bachelors,bachelors,,,,pontifícia universidade católica
cv44067.xml,graduação em matemática universidade federal fluminense - uff,,,,,,,,,,,matemática,,graduação em matemática,,deg-3,bachelors,bachelors,,,,universidade federal fluminense - uff
cv54863.xml,•  curso de extensão em estatística aplicada - fia (3 meses) - 2017,,,2017,,notknown,,,,2017,,estatística aplicada,,,,deg-1,,,,,,fia
cv54863.xml,•  graduação em sistemas de informação - fiap (4 anos) - 2009,,,2009,,notknown,,,,2009,,sistemas de informação,,graduação em sistemas de informação,,deg-2,bachelors,bachelors,,,,fiap
cv42925.xml,faculdade pitágoras: psicologia,,,,,,,,,,,psicologia,,,,deg-1,,,,,,faculdade pitágoras
cv52931.xml,graduação - universidade bandeirante de são paulo curso: psicologia concluído em 2007  crp: ativo,,,2007,,notknown,,,,2007,,psicologia,,graduação,true,deg-1,bachelors,bachelors,br,são paulo,,universidade bandeirante de são paulo
cv40491.xml,graduação em recursos humanos - centro universitário anhanguera,,,,,,,,,,,recursos humanos,,graduação em recursos humanos,,deg-1,bachelors,bachelors,,,,centro universitário anhanguera
cv40491.xml,pós-graduação em gestão estratégica de pessoas - centro universitário senac (cursando),,,,,,,,,,,gestão estratégica de pessoas,,pós-graduação em gestão estratégica de pessoas,false,deg-2,masters,masters,,,,centro universitário senac
cv51641.xml,escolaridade pós-graduação no nível especialização pós-graduação - mba docência do ensino superior lacto sensu   universidade estadual de goias - ueg. (setembro de 2016) - concluído,,,,2016-09,notknown,,,,,2016-09,,,mba,true,deg-1,mba,mba,,,,docência do ensino superior lacto sensu   universidade estadual de goias - ueg
cv51641.xml,mba gestão de pessoas por competência e coaching  ipog. (julho de 2013) - concluído,,,,2013-07,notknown,,,,,2013-07,gestão de pessoas,,mba,true,deg-2,mba,mba,,,,ipog
cv51641.xml,graduação psicologia  puc- go. (dezembro de 2011) - concluído,,,,2011-12,notknown,,,,,2011-12,psicologia,,graduação,true,deg-3,bachelors,bachelors,,,,
cv44292.xml,bacharel em ciências da instituição: computação unip - universidade paulista - brasília / df,,,,,,,,,,,ciências,,bacharel em ciências,,deg-1,bachelors,bachelors,br,brasília,df,unip - universidade paulista
cv53197.xml,•   bacharel em sistemas de informação - faculdade de tecnologia e ciências da bahia - ftc.,,,,,,,,,,,sistemas de informação,,bacharel em sistemas de informação,,deg-1,bachelors,bachelors,,,,faculdade de tecnologia e ciências da bahia - ftc
cv53197.xml,•   técnico em desenvolvimento de software - senai.,,,,,,,,,,,,,,,deg-2,,,,,,senai
cv53197.xml,•   técnico em manutenção de micro - senai.   informações complementares  •   conhecimento nos sgbd's: sql server  mysql  microsoft acess  postegresql e excel.  •   programação utilizando: dot.net  c#  php  css  javascript  crystal report  report viewer  devexpress  nhibernate  link  entite framework  laravel  jquery  bootstrap  chatbot entre outras ferramentas.  •   experiência em criação de documentação de sistemas: especificações de classe e interface  realização de caso de uso  manual de sistema e roteiro de testes funcional.  •   experiência com modelagem de dados: ea (enterprise architect) e rsa (rational enterprise architect).  •   experiência com ferramentas de versionamento de código fonte: git  team fundation server.  •   experiência em gerenciamento de sistemas(manutenção  suporte e treinamento de usuários).,,,,,,,,,,,,,,,deg-3,,,,,,senai
cv47889.xml,curso: análise e desenvolvimento de sistemas instituição: iesb - centro universitário iesb local: brasília-df ano/semestre: 5° conclusão do curso em 12/2017,,,,2017-12,notknown,,,,,2017-12,,,,,deg-1,,,br,brasília,df,iesb - centro universitário iesb
cv45207.xml,• pós-graduação em liderança de equipes e gestão de projetos (2010-2011  concluído) espm,,,2011,,,2010,,,2011,,liderança de equipes e gestão,,pós-graduação em liderança de equipes e gestão de projetos,true,deg-1,masters,masters,,,,espm
cv45207.xml,• administração de empresas (2002-2005  concluído) uninove - sp,,,2005,,,2002,,,2005,,administração de empresas,,,true,deg-2,,,,,,uninove
cv45207.xml,• técnico em processamento de dados (1985-1987  concluído) colégio eniac - sp,,,1987,,,1985,,,1987,,,,,true,deg-3,,,,,,colégio eniac - sp
cv42191.xml,• graduada em psicologia - puc-go  • pós graduando em mba em gestão de pessoas por competências  indicadores e coaching - ipog - go  • programa de autodesenvolvimento e emdr  • tecnico em enfermagem (incompleto),,,,,,,,,,,competências,enfermagem,mba,false,deg-1,mba,mba,,,,ipog
cv48790.xml,cybersecurity  ethical hacking  ransomware  csirt  next generation firewalls   itcerts  -  cursando lógica programação senai-ead -  2016,,,2016,,notknown,,,,,,,,,false,deg-1,,,,,,senai
cv48790.xml,java script/html/css coursera/code academy - 2015,,,2015,,notknown,,,,2015,,,,,,deg-2,,,,,,code academy
cv48790.xml,firewall & segurança de redes   autodidata - 2007 ccna (login net academy)        fundação bradesco - 2007,,,2007,,notknown,,,,2007,,,,ccna,,deg-3,ccna,certification,,,,login net academy
cv48790.xml,fundamentos de redes fundação bradesco - 2006,,,2006,,notknown,,,,2006,,,,,,deg-4,,,,,,fundação bradesco
cv48790.xml,introdução à oratória sr polícia federal sp - 2002   carreira e objetivos  no mercado de ti a cerca de dezessete anos  dez anos ccna e segurança. experiências com data center  redes utp  fibra  wireless  segurança  infra-estrutura  servidores linux  windows  sql  programação diversas linguagens. nos últimos anos seguindo uma tendência do mercado atuei em processos it & security  conformidade para auditorias  sox e iso 27k.  disaster recovery & risk analysis  itil  scrum  agile  gestão de projetos  governança  aplicação e desenvolvimento de diretrizes e frameworks como nist entre outros.  mais de dois anos morando no exterior para instalação e implantação de projetos. diversas tecnologias ao longo da carreira: servidores linux/windows  blade hp  bay dell  infraestrutura de rede  firewall  segurança e publicação de serviços. instalação de so remota. banco de dados e aplicações xml. virtualização e cloud hyper-v  esx e qemu. programação básica em diversas linguagens  scripting/automatização linux e power shell  atuação em ambientes devops  testes de implantação e infra-estrutura desde o nascimento do código  governança e processos. nos útimos anos trabalhei também na área de gerenciamento de projetos de segurança. perfil generalista porém com um bom conhecimento de cada área vital  desenvolvi a parte técnica ao longo dos anos e pretendo aplicar isso à um cargo de gerência daqui dez anos. responsabilidade e profissionalismo  auto-gestão  senso de urgência  orientado a resultados  comunicação e escrita claras. procuro dar aulas de inglês e informática às comunidades carentes do meu bairro.,,,2002,,notknown,,,,2002,,,,ccna,,deg-5,ccna,certification,,,,redes utp
cv42815.xml,ensino médio - centro educacional nº 06 ceilândia,,,,,,,,,,,,,ensino médio,,deg-1,ensino médio,high school or equivalent,,,,centro educacional
cv42815.xml,ensino superior - psicologia - centro universitário de brasília - iesb oeste ensino profissionalizante - senar serviço nacional de aprendizagem rural (cursando),,,,,,,,,,,psicologia,,ensino superior,false,deg-2,ensino superior,some college,,,,centro universitário de brasília - iesb oeste
cv45680.xml,cursando 7º período do curso de psicologia (noturno) na uni - alfa.,,,,,,,,,,,psicologia,,,false,deg-1,,,,,,alfa
cv53169.xml,psicologia cursando fmu - faculdades metropolitanas unidas  ensino superior completo gestão em recursos humanos,,,,,,,,,,,gestão,,ensino superior,false,deg-1,ensino superior,some college,,,,fmu - faculdades metropolitanas unidas
cv53169.xml,unip - universidade paulista,,,,,,,,,,,,,,,deg-2,,,,,,unip - universidade paulista
cv42219.xml,cursando gestão de recursos humanos (estácio de sá - fesgo 2018.4),,,,2018-04,notknown,,,,,,gestão de recursos humanos,,,false,deg-2,,,,,,fesgo
cv42219.xml,ensino médio (colégio estadual professora oneides rosa de moura - 2008),,,2008,,notknown,,,,2008,,colégio estadual professora oneides rosa de moura,,ensino médio,,deg-1,ensino médio,high school or equivalent,,,,
cv42895.xml,•   ensino superior completo.  •  psicologia - universidade fumec - conclusão: 07/2017.  cursos de aprimoramento profissional:,,,,2017-07,notknown,,,,,2017-07,psicologia,,ensino superior,true,deg-1,ensino superior,some college,,,,universidade fumec
cv48772.xml,●  bacharel em ciências da computação instituição: unorp - centro universitário do noroeste paulista - são josé do rio preto-sp. conclusão: dezembro de 2003.,,,,2003-12,notknown,,,,,2003-12,instituição,,bacharel em ciências da computação,,deg-1,bachelors,bachelors,br,são josé do rio preto,sp,unorp - centro universitário do noroeste paulista
cv53979.xml,• psicóloga graduada na universidade federal de uberlândia. ano de formação: 2015,,,2015,,notknown,,,,2015,,,,,,deg-1,,,,,,universidade federal de uberlândia
cv51887.xml,•   pós graduação: gestão estratégica de pessoas  período: 2012 a 2013 - carga horária: 432h/aula  instituição: puc/mg,,,2013,,,2012,,,2013,,gestão estratégica de pessoas,,pós graduação,,deg-1,bachelors,bachelors,,,,puc/mg
cv51887.xml,•   graduação: psicologia  período: 2006 a 2011 - carga horária: 4.358h/aula  instituição: faculdade ciências da vida/sete lagoas,,,2011,,,2006,,,2011,,psicologia,,graduação,,deg-2,bachelors,bachelors,,,,faculdade ciências da vida/sete lagoas
cv48752.xml,2º  grau: escola  técnica  oswaldo  cruz  -  processamento  de dados - ano de formação: 1999,,,1999,,notknown,,,,1999,,,,,,deg-2,,high school or equivalent,br,cruz,,escola  técnica  oswaldo  cruz
cv48752.xml,1º grau: colégio guilherme dumont villares,,,,,,,,,,,,,,,deg-1,,,,,,colégio guilherme dumont villares
cv55416.xml,instituto brasileiro de reabilitação de medicina - ibmr cursando psicologia atualmente no 9° período  • período de curso: 07/2014 - 07/2019,,,,2019-07,,,2014-07,,,,medicina,,,false,deg-1,,,,,,instituto brasileiro de reabilitação de medicina
cv45056.xml,cursando psicologia - universidade são judas tadeu (9° semestre/ conclusão 2018),,,2018,,notknown,,,,,,psicologia,,,false,deg-1,,,,,,universidade são judas tadeu
cv44636.xml,casado  pernambucano de recife  02 filhos  graduado em tecnologia da informação pela universidade federal da paraíba. residencia fixa em natal  disponível para inicio imediato em qualquer parte do brasil.  detalhamento dos principais trabalhos por ordem cronológica  ✓ estadual - sefaz ba - (mai/2017 á abri/2018) gerente de projetos time desenvolvedor sas va  alocado na sefaz ba - projeto de gerenciamento em soluções de banco de dados  integração de dados e bi  data discovery e dashboarddes (projeto pontual) - ultimo,,,2018,,,,2017-05,,,,banco,,ba,false,deg-1,bachelors,bachelors,,,,universidade federal da paraíba
cv52569.xml,universidade bandeirante de são paulo - uniban curso: psicologia (formada)  derville allegretti - 2º grau curso: administração de empresas (formada),,,,,,,,,,,psicologia,,,,deg-1,,,,,,universidade bandeirante de são paulo - uniban
cv54160.xml,curso de graduação em psicologia - universidade paulista - unip ;,,,,,,,,,,,psicologia,,graduação em psicologia,,deg-1,bachelors,bachelors,,,,universidade paulista - unip
cv54160.xml,pós graduação em neuropsicologia - faculdade delta de goiânia - em conclusão.  formação técnica • informática - pacote office,,,,,,,,,,,neuropsicologia,,pós graduação em neuropsicologia,,deg-2,bachelors,bachelors,,,,faculdade delta de goiânia
cv44508.xml,graduação em psicologia - cursando universidade una (noite) - 9º período.,,,,,,,,,,,psicologia,,graduação em psicologia,false,deg-1,bachelors,bachelors,,,,universidade una
cv52492.xml,bacharelado em psicologia - unianhanguera 2010,,,2010,,notknown,,,,2010,,unianhanguera,,bacharelado em psicologia,,deg-1,bachelors,bachelors,,,,
cv42498.xml,• cursando 6º período - psicologia - pontíficia universidade católica de goiás - 07/2020.,,,,2020-07,notknown,,,,,,psicologia,,,false,deg-1,,,,,,pontíficia universidade católica de goiás
cv44872.xml,ceinter - faculdade de tecnologia / treinamentos fechados professora nos cursos de administração de redes e webdesign na disciplina sistema operacional linux e serviços.,,,,,,,,,,,cursos de administração,,,,deg-1,,,,,,faculdade de tecnologia
cv44872.xml,faculdade sumaré - professora sist. operacional linux para o curso de administradores de redes.,,,,,,,,,,,,,,,deg-2,,,,,,faculdade sumaré
cv52575.xml,• psicologia (concluído/dez 2017 – fmu)    • pós graduação em direito do trabalho (fmu – ead – trancado,,,,2017-12,notknown,,,,,2017-12,direito do trabalho,,pós graduação em direito do trabalho,true,deg-1,bachelors,bachelors,,,,fmu
cv52575.xml,• gestão em recursos humanos (concluído/2011 - unip),,,2011,,notknown,,,,2011,,gestão,,,true,deg-2,,,,,,unip
cv52575.xml,• técnico em administração (concluído/2009 - fatec),,,2009,,notknown,,,,2009,,técnico,,,true,deg-3,,,,,,fatec
cv48005.xml,"empresa atua no segmento: especialista em desenvolver soluções em ti que atendam as necessidades no segmento de agronegócio cidade: goiânia go período: janeiro de 2015 até o momento cargo exercido: analista de teste atividades: analista de teste pelo departamento de p&d (departamento de novos produtos)  visando a elaboração de casos e planos de testes. realização de testes funcionais  exploratórios  de integração  de carga e regressão no erp siagri agribusiness  em especial nos módulos (log e auditoria  wms coletor  service desk  vendas e faturamento  contratos  agrometrika etc) e em especial aos ""novos"" produtos siagri  versão web e app multiplataforma. base de dados oracle(sql developer)  firebird(ibexpert)  sql server management studio e mongodb.  participação em projetos / implantações: sistema aliare é um portal de autoatendimento que realiza consultas a informações e reúnem informações resumidas entre o negócio e seus parceiros  além de dados de mercado como precificação de produtos em promoção e download de informações de imposto de renda  entre outros. site: https://www.aliare.agr.br  site receituário agronômico  em que é possível realizar consulta fitossanitária(compêndio eletrônico)  emissão de receita agronômica  ficha de emergência e fispq. site: https://receituarioagronomico.agr.br/ ;  app siagri sales(ios e android): é um aplicativo que une crm  vendas e gestão. app siagri autorize (ios e android): este aplicativo gerencia solicitações de senha feitas pelo sistema agribusiness para autorização de procedimentos(ex: pedido a ser faturado) app aliare (ios e android): é um portal de autoatendimento em que seus parceiros de negócios ficam a um clique das informações e serviços exclusivos.",,current,,,,,2015-01,,,,que atendam as necessidades no segmento,agribusiness,especialista em desenvolver soluções em ti,false,deg-3,especialista em desenvolver soluções em ti,bachelors,,,,
cv48005.xml,/ escolaridade  nome do curso: qualidade e gestão de software pós graduação/especialização ano da conclusão: 2016 nome da faculdade: universidade católica de goiás (puc),,,2016,,notknown,,,,2016,,ano da conclusão,,pós graduação,,deg-1,bachelors,bachelors,,,,nome da faculdade
cv48005.xml,nome do curso: bacharelado em informática graduação ano da conclusão: 2012 nome da faculdade: instituto federal de goiás (ifg)   evolução de carreira nome da empresa: siagri software para agronegócio site: http://www.siagri.com.br/website/,,,2012,,notknown,,,,2012,,informática,,bacharelado em informática,,deg-2,bachelors,bachelors,,,,nome da faculdade
cv42861.xml,•  ensino superior -  bacharel em psicologia - concluido 2017-   anhanguera educacional,,,2017,,notknown,,,,2017,,psicologia,,ensino superior,,deg-1,ensino superior,some college,,,,
cv42861.xml,•  ensino médio - colégio educacional mérito - concluído em 2012,,,2012,,notknown,,,,2012,,,,ensino médio,true,deg-2,ensino médio,high school or equivalent,,,,colégio educacional mérito
cv54387.xml,bacharelado - sistemas de informação  ufjf  -  juiz de fora  mg novembro de 2012 a março de 2017  curso técnico - informática ifet-jf campus juiz de fora -  juiz de fora  mg,,,,2017-03,,,2012-11,,,2017-03,sistemas de informação,,bacharelado,,deg-1,bachelors,bachelors,br,juiz de fora,mg,ufjf
cv52743.xml,bacharel em psicologia - universidade cruzeiro do sul - 2017,,,2017,,notknown,,,,2017,,psicologia,,bacharel em psicologia,,deg-1,bachelors,bachelors,,,,universidade cruzeiro do sul
cv52743.xml,informática profissional - instituto guaianazes - 04/2004 à 04/2005  idiomas,,,,2005-04,,,2004-04,,,2005-04,,,,,deg-2,,,,,,instituto guaianazes
cv52743.xml,espanhol - centro de estudos de línguas prof. joão dias da silveira - nível intermediário,,,,,,,,,,,,,,,deg-3,,,,,,centro de estudos
cv52743.xml,estágio supervisionado específico em processos grupais - centro de acolhida ii começar de novo (albergue adulto misto) e pensionato residencial l. de paula (assistência privada a idosos) ;,,,,,,,,,,,,,,,deg-4,,,,,,centro de acolhida ii começar de novo
cv52743.xml,estágio supervisionado específico em psicologia da educação – emef guimarães rosa (e.e. ensino fundamental); - estágio supervisionado específico em psicologia do trabalho – etec martin luther king; - prática supervisionada em diagnóstico institucional – grêmio recreativo escola de samba acadêmicos do tatuapé; - prática supervisionada em projeto social – movimento de apoio à integração social (saica); - prática supervisionada em processos educativos – força humanitária nosso lar (cca);,,,,,,,,,,,estágio supervisionado específico,psicologia,ensino fundamental,,deg-5,ensino fundamental,lessthanhighschool,,,,diagnóstico institucional - grêmio recreativo escola de samba acadêmicos do tatuapé
cv52743.xml,- prática supervisionada em comunidades - centro comunitário nossa senhora aparecida (smse) ; - prática supervisionada em trabalho - assistência vicentina de vila mascote lar pde. vicente melillo (assistência social a idosos).,,,,,,,,,,,assistência social,,,,deg-6,,,,,,centro comunitário nossa senhora aparecida
cv55151.xml,curso: mba em psicologia organizacional - mba em gestão de pessoas (instituto kalytek) período: 2017/2018,,,2018,,,2017,,,,,gestão de pessoas,,mba,false,deg-3,mba,mba,,,,instituto kalytek
cv55151.xml,curso: superior de graduação tecnológica em gestão de recursos humanos- uniplan  centro universitario do planalto central. período: 2012/2014,,,2014,,,2012,,,2014,,tecnológica,,graduação,,deg-4,bachelors,bachelors,,,,uniplan  centro universitario do planalto central
cv55151.xml,academica  curso: cursando psicologia 9° semestre unip (universidade paulista),,,,,,,,,,,psicologia,,,false,deg-1,,,,,,unip (universidade paulista)
cv55151.xml,observação: estagio na propria faculdade,,,,,,,,,,,,,,,deg-2,,,,,,propria faculdade
cv52608.xml,ensino superior: psicologia - universidade anhanguera concluído 12/2016.,,,,2016-12,notknown,,,,,2016-12,psicologia,,ensino superior,true,deg-1,ensino superior,some college,,,,universidade anhanguera
cv50435.xml,universidade cruzeiro do sul gestão em tecnologia de informação  tecnologia da informação  2013 - 2015,,,2015,,,2013,,,2015,,gestão,,,,deg-1,,,,,,universidade cruzeiro do sul
cv52474.xml,uninove 08º semestre de psicologia - jun/2019,,,,2019-06,notknown,,,,,,psicologia,,,false,deg-1,,,,,,uninove
cv43088.xml,universidade nove de julho 2014 - 2018 (término estimado) bacharelado em psicologia - 9º semestre.,,,2018,,,,2014-07,,,,psicologia,,bacharelado em psicologia,false,deg-1,bachelors,bachelors,,,,universidade nove de julho
cv54359.xml,universidade estácio de sá  rj.  psicologia - 8º período  cursando. campus: norte shopping.,,,,,,,,,,,psicologia,,,false,deg-1,,,,,,universidade estácio de sá
cv44295.xml,curso: sistemas de união pioneira de integração   conclusão: 20/11/2008,2008-11-20,,,,notknown,,,2008-11-20,,,,,,,deg-1,,,,,,união pioneira de integração
cv44295.xml,informação social - upis certifcações sun certified programmer for the java platform  se 5.0 standard edition 5.0 (scjp 5.0). oracle service oriented architecture infrastructure implementation certified expert.,,,,,,,,,,,,,sun certified programmer for the java platform,,deg-2,sun certified programmer for the java platform,certification,,,,upis
cv42444.xml,bacharel em sistemas de informação instituição: unieuro conclusão: novembro/2007,,,,2007-11,notknown,,,,,2007-11,instituição,,bacharel em sistemas de informação,,deg-1,bachelors,bachelors,,,,unieuro
cv53136.xml,•  graduação em psicologia - universidade de mogi das cruzes (umc) - 2017,,,2017,,notknown,,,,2017,,psicologia,,graduação em psicologia,,deg-1,bachelors,bachelors,,,,universidade de mogi das cruzes (umc)
cv55103.xml,2014-2018 universidade paulista - unip  - psicologia 10º  semestre,,,2018,,,2014,,,,,psicologia,,,false,deg-1,,,,,,universidade paulista - unip
cv42688.xml,pós-graduação:   mba em engenharia de software orientada para serviços soa - fiap - faculdade de informática e administração paulista - campus avenida paulista início: setembro de 2011,,,,2011-09,notknown,,,,,2011-09,engenharia de software orientada para serviços soa,administração,mba,,deg-1,mba,mba,,,,fiap - faculdade de informática e administração paulista
