id,traininghistory_text,traininghistory_training_description,traininghistory_training_enddate_anydate,traininghistory_training_enddate_stringdate,traininghistory_training_enddate_year,traininghistory_training_enddate_yearmonth,traininghistory_training_entity,traininghistory_training_qualifications_qualification,traininghistory_training_startdate_anydate,traininghistory_training_startdate_year,traininghistory_training_startdate_yearmonth,traininghistory_training_type
cv48873.xml,1999 - rede windows - instalação  projeto  manutenção  administração gerenciamento e suporte 5.0/6.0  windows nt/2000  ms sql server 7.0/2000  access  crystal report 8.5  9.0. 1998/1999 - manutenção total de micros pc com especialização.,1998/1999 - manutenção total de micros pc com especialização,,,1999,,,,,1998,,unknown
cv52261.xml,término: junho / 2010 - concluído   início: janeiro / 2009 ,início: janeiro / 2009,,,,2009-01,,,,,,unknown
cv52730.xml,trabalho voluntário - ong sonhar acordado período: 07/2016 a atual trabalho mensal  realizando atividades recreativas e educativas com crianças de comunidades carentes de são paulo e região.,e região,,current,,,ong sonhar acordado,,,,2016-07,unknown
cv54159.xml,❖ estágio voluntário - intervenção grupal e apoio psicológico para pacientes com sobrepeso e obesidade (á iniciar). ❖ apresentação de pré-projeto acadêmico - controvérsias da eletroconvulsoterapia - jornada de psicologia  unip - campus flamboyant (agosto de 2018),apresentação de pré-projeto acadêmico - controvérsias da eletroconvulsoterapia - jornada de psicologia  unip - campus flamboyant (agosto de 2018),,,,2018-08,unip,,,,,unknown
cv49052.xml,okr desdobramentos da estratégia empresarial - lean ti (jan/2018) mapeamento de objectives e key results  levantamento dos okrs baseado em desafio  dinâmica de atualização dos okrs  validação dos avanços das krs e o alinhamento com cada objective.  recrutamento e seleção de profissionais em ti - rhtec (fev/2017) mercado e perfil do profissional de ti  fontes de recrutamento mais adequadas  seleção por competências e valores focados em ti  descrição de cargos em ti  indicadores de recrutameto e seleção na área de ti  retenção de candidatos durante os processos e elaboração de pareceres de entrevista.  administração de pessoal - v12 consulting (ago/2015) recursos humanos  direito do trabalho  contrato de trabalho  relação sindical  poder disciplinador do empregador  controle da jornada de trabalho  processo de admissão  rotinas mensais  obrigações acessórias mensais e anuais  férias  13° salário e rescisão.  comunicação humana aplicada - nascem consult (nov/2014) oratória  apresentação em público e controle de ansiedade.  eventos participantes 2º kenoby talks - inovação em recrutamento e seleção (nov/2017)  1º jundevelopers open day 2017-desenvolvimento web  mobile  ia  devops (nov/2017)  tedx são paulo -  o futuro do mercado de trabalho (set/2017)  rh 4results gupy - o futuro do recrutamento e seleção (set/2017)  the developer's conference 2017: trilha management 3.0 (jul/2017)  rh 4results gupy - recursos humanos na prática (abr/2017) ,rh 4results gupy - recursos humanos na prática (abr/2017),,,,2017-04,tedx são paulo -  o futuro do mercado de trabalho,,,2017,,unknown
cv42739.xml,xxxiv congresso interamericano de psicologia - uniceub dinâmicas e testes na seleção 22h - fundação bradesco - escola virtual departamento de pessoal - 32h - todas as rotinas de departamento pessoal - karitas cusrso técnico administrativo - escola técnica de ceilândia,técnico administrativo - escola técnica de ceilândia,,,,,escola técnica de ceilândia,,,,,unknown
cv46066.xml,iniciação em psicologia criminal investigativa - helix cursos psicologia escolar - usjt atuação do psicólogo como acompanhante terapêutico - usjt transtorno espectro autista e a intervenção com aplicação aba - usjt análise do comportamento na organização de trabalho - un. mckz comorbidades psiquiátricas no tea  -  universidade mackenzie,comorbidades psiquiátricas no tea  -  universidade mackenzie,,,,,universidade mackenzie,,,,,unknown
cv42397.xml,laboratório web com jsf e cdi  - caelum - 02/2013 persistência com jpa e hibernate - caelum - 02/2013 desenvolvimento de aplicações android - caelum - 09/2011 uml - projetos de sistemas orientados a objetos - impacta - 12/2003; ,uml - projetos de sistemas orientados a objetos - impacta - 12/2003,,,,2003-12,,,,,,unknown
cv48829.xml,superior completo   idade: 27 anos aceita propostas como: indiferente disponibilidade: até 1 semana inglês: tecnico espanhol básico sexo: masculino possui empresa aberta ? não   portador de necessidades especiais ? não pretensão salarial clt: a partir de r$ 3.500 00   pj: a combinar última atualização: 25/06/18 três anos na empresa stefanini e nela até o presente momento. exercendo o cargo de analista desenvolvedor de sistema  trabalhando na parte de sustentação. experiencia com asp.net/ c#  c#  vb.net  vb 6  sql server  jquery  javascript e web api c/ asp.net e atendendo empresas (cielo  bradesco  itaú  alelo e elo).. um ano de experiência em programação asp na empresa proage. proage uma empresa que tem atuação no gerenciamento de projeto  atuava na área de desenvolvimento  prestando suporte a códigos javascript  jquery  asp e algumas bibliotecas c# além de auxiliar no gerenciamento do sql server. um ano de estágio (help desk) na empresa tv alphaville prestando suporte  de redes e telefonia. prestava suporte por telefone  a toda região de alphaville  solucionando problemas de conexão a rede datv alphaville curso superior cursando análise desenvolvimento de sistemas - anhanguera - 5° semestre(ultimo semestre),semestre,2018-06-25,current,,,,,,,,unknown
cv54672.xml,✓ execução de projeto piloto nas escolas do estado de roraima para realização de palestras e oficinas com temas relacionados à psicologia escolar. ✓ curso de atualização para a elaboração de planos de assistência social- capasitasuas. (8h) ✓ curso de recrutamento e seleção. (10h) ✓ curso de planejamento de recursos humanos (60h) ✓ curso de departamento pessoal (60h) ✓ curso de noção básica psicologia organizacional (60h) ✓ curso de treinamento e desenvolvimento (50h) goiânia-go  2018 ana flávia de souza mendes,ana flávia de souza mendes,,,2018,,,,,,,unknown
cv47841.xml,curso instituição data duração angular js - node js - git drc dez/2017   40 horas bootstrap & less drc mar/2017   40 horas javascript  ajax e jquery drc set/2016   60 horas html5 e css3 drc jul/2016   40 horas desenvolvendo aplicações web com asp.net mvc4 - visual studio ka solution jun/2016   40 horas java para desenvolvimento web caelum out/2013   40 horas capacitação de análise de negócios vanzolini set/2010   96 horas capacitação em análise de pontos de função 4.3: medições e estimativas de fatto ago/2010   16 horas software gerência de projetos - práticas alinhadas ao pmi senac ago/2007   48 horas desenvolvedor web java ibta ago/2006   200 horas inglês cultura inglesa 3 anos e 6 meses ,desenvolvedor web java ibta ago/2006   200 horas inglês cultura inglesa 3 anos e 6 meses,,current,,2006-08,ibta,,,,,unknown
cv47138.xml,curso informática - word  excel e powerpoint curso de extensão psicofarmacologia 2014 ||| congresso internacional de saúde mental 2014 | simpósio interdisciplinar da consciência negra 2017 objetivo áreas de interesse: recepcionista/secretária  auxiliar rh/dp  auxiliar administrativo  psicóloga. busco uma oportunidade para desenvolver e aprimorar meus conhecimentos e habilidades  crescendo e se desenvolvendo sempre com a organização.,áreas de interesse: recepcionista/secretária  auxiliar rh/dp  auxiliar administrativo  psicóloga. busco uma oportunidade para desenvolver e aprimorar meus conhecimentos e habilidades  crescendo e se desenvolvendo sempre com a organização,,,2017,,congresso internacional de saúde mental,,,,,unknown
cv42379.xml,• técnicas de negociação • gestão do tempo • inteligência emocional • contratação de funcionários • microsoft office • conhecimento em sistemas da área de recursos humanos,conhecimento em sistemas da área de recursos humanos,,,,,,,,,,unknown
cv44844.xml,•   cálculos da folha de pagamento - ibdec  dezembro 2016 •   guias da folha de pagamento - ibdec  outubro 20016   •   entrevista de seleção por competências - idepo  fevereiro 2014   •   palográfico básico - vetor eventos  julho 2011   •   recrutamento e seleção passo a passo - idepo  janeiro 2014 ,recrutamento e seleção passo a passo - idepo  janeiro 2014,,,,2014-01,,,,,,unknown
cv42665.xml,"2013-   2014    psicologia e infância-  observação individual do desenvolvimento da criança em domicílio.    4 - psicologia e adolescência - colégio liceu camilo castelo branco. observação do desenvolvimento do adolescente.  2014 - psicologia da vida adulta-  nova 4e. pesquisa  sobre  os  sentidos  do  voluntariado  para  o  desenvolvimento  social  interdependência  solidariedade e reciprocidade na vida adulta.  2015 - psicopatologia - laboratório de saúde mental coletiva (lasamec/usp) trocas entre profissionais e estudantes  além de produzir e disseminar conhecimento das ciências em sua incidência sobre saúde mental.  2016 - psicodiagnóstico - clínica de psicologia da universidade brasil. direcionado ao atendimento infantil individual.  2016 - psicologia preventiva da educação - colégio liceu camilo castelo branco. aplicação  de  dinâmica  para  o  desenvolvimento  da  maturidade  da  criança  no  âmbito escolar.  2016 - fundamentos  da  psicologia  do  portador  das  necessidades  educacionais especiais - centro de ação social espaço livre. observação e participação das atividades oferecidas pela instituição.  2016 - psicologia organizacional e do trabalho - instituto de psicologia psico-lógica. observação e entrevista com a coordenadora do projeto ""vigilante estresse zero"". ","2016 - psicologia organizacional e do trabalho - instituto de psicologia psico-lógica. observação e entrevista com a coordenadora do projeto ""vigilante estresse zero""",,,2016,,instituto de psicologia psico,,,2013,,unknown
cv47678.xml,xhtml escola: impacta tecnologia início em: 2010 cidade: são paulo possui diploma: sim carga horária: 40  java escola: impacta tecnologia início em: 2010 cidade: são paulo possui diploma: sim carga horária: 80  delphi 4 com sql escola: domínio tecnologia início em: 1999 cidade: são paulo-sp possui diploma: sim  lógica de programação visual escola: domínio tecnologia início em: 1999 cidade: sp - sp possui diploma: sim  língua inglesa escola: skill aliança inglesa início em: 1987 cidade: são paulo-sp possui diploma: sim   curso: técnico em processamento de dados término em: 12/1993 ,curso: técnico em processamento de dados término em: 12/1993,,,1987,1993-12,domínio tecnologia,,,,,unknown
cv54974.xml,fundamentos e processos de rh escola do trabalhador   2018 people analytics universidade solides   2018 marketing digital acia araras   2018 departamento pessoal uaitec   2018 auxiliar de escritório uaitec   2018 libras fundação hermínio ometto   2017 recrutamento e seleção fundação hermínio ometto   2017 psicologia organizacional portal educação   2017  principais atividades   − 09/2017 - comissão organizadora - xiii simpósio psicologia e cidadania - fundação hermínio ometto − 06/2017 - comissão organizadora - 12º congresso científico - fundação hermínio ometto − 09/2016 - monitora da feira das profissões - fundação hermínio ometto   outras informações   - disponibilidade para viagens  nacionais ou internacionais - disponibilidade para mudança de endereço - disponibilidade de horário - carteira de habilitação a/b ,disponibilidade para viagens  nacionais ou internacionais - disponibilidade para mudança de endereço - disponibilidade de horário - carteira de habilitação a/b,,,2017,2016-09,fundação hermínio ometto,,,,,unknown
cv55344.xml,psicanálise 80 horas psicólogo hospitalar 60 horas curso de interpretação de desenho instituto paulista de psicanálise 02/06/2017 até 30/10/2017 - 30 horas professora regiane carvalho curso de estudos e capacitação em análise do comportamento aplicada (aba) ao transtorno espectro autista departamento de psicologia médica e psiquiatria - extecamp/unicamp de 08/10/2017 até 01/12/2017.,de 08/10/2017 até 01/12/2017,2017-12-01,,,,unicamp,,2017-10-08,,,unknown
cv50459.xml,superior completo   idade: 32 anos aceita propostas como: indiferente disponibilidade: até 15 dias inglês: tecnico sexo: masculino possui empresa aberta ? sim portador de necessidades especiais ? não pretensão salarial clt: a partir de r$ 6.500 00   pj: a partir de r$ 7.500 00   última atualização: 04/07/18 apresentação pessoal • neste momento  busco novos desafios no mercado  visando o desenvolvimento de um   trabalho objetivo e gerador de resultados  de forma a possibilitar crescimento qualitativo e quantitativo para os envolvidos. • profissional dedicado  que aplica todo esforço e conhecimento necessário para execução do trabalho. • sempre disposto a absorver novos conhecimentos com a finalidade de receber novas atribuições. • facilidade de comunicação com clientes e colegas de trabalho. rápida  adaptação a novos ambientes de trabalho  assim como absorção de novos conhecimentos e funções. • entre minhas características citadas acima se encontram: adaptabilidade  bom humor  dinamismo  responsabilidade  perfeccionismo  dedicação ao trabalho e bom relacionamento interpessoal. • informo ainda que estou disponível para viagens  horário e mudanças de cidade  de acordo com a necessidade da organização. • tecnólogo em análise de desenvolvimento de sistemas - anhanguera (sbo).,tecnólogo em análise de desenvolvimento de sistemas - anhanguera (sbo),2018-07-04,,,,,,,,,unknown
cv52029.xml,"• ii encontro goiano de psicologia escolar e educacional / 8 horas • psicologia escolar: propostas de atuação na educação básica / 2 horas • possibilidades de intervenção em psicologia escolar e educacional / 2 horas • programa de voluntariado da extensão da puc goiás- unati/ 50 horas • xiii encontro de produção cientifica - a psicologia e a promoção dos direitos humanos: juventude e cidadania / 19 horas • uma abordagem comportamental para a compreensão da cultura / 3 horas • 2º congresso de psicologia do cerrado / 6horas • reflexões éticas do psicólogo: o eu  o grupo e as instituições / 4 horas • qualidade de vida no trabalho: diagnóstico  política  programa e instrumentos para a promoção da saúde e segurança no trabalho / 10 horas • o papel do psicólogo em equipe multidisciplinar: possibilidades contextos e inovações / 3 horas • 1º seminário de psicologia jurídica /24h • seminário internacional de habilidades sociais/ 20h • monitora voluntária do congresso internacional de habilidades social/ 20h • extensão universitária em monitoria da disciplina psicologia do dese • nvolvimento iii (2014/1) • ""ansiedade: como enfrentar o mal do século"" com augusto cury /3horas  palestras proferidas: ii simpósio de psicologia: universidade salgado de oliveira ""projeto político pedagógico: os dilemas de sua efetivação"" xix encontro de produção científica de psicologia da puc goiás ""projeto político pedagógico: os dilemas de sua efetivação"". xvi encontro de produção científica de psicologia da puc goiás ""o idoso institucionalizado e o seu cotidiano: um estudo de caso""    psicologia clínica 02/2017 - 12/2017: atendimentos clínicos  psicoterapia com jovens  casais e famílias. psicologia social 02/2016 - 06/2017: desenvolvimento de estratégias avaliativas para elaboração de diagnose e projeto de intervenção para a área comunitária. psicologia hospitalar 08/2016 - 12/2016: técnicas psicológicas do atendimento hospitalar  psicoterapia breve e focal  preparo psicológico para exames  internações e alta. realizado no hospital araújo jorge. psicologia escolar 08/2016 - 12/2016: desenvolvimento das relações interpessoais através da comunicação entre a comunidade escolar  aperfeiçoando e fortalecendo o diálogo entre seus integrantes  contribuindo para a melhoria da dinâmica escolar. psicologia das organizações e do trabalho 02/2016 - 06/2017: diagnosticar e formular alternativas aos problemas e as relações de trabalho. desempenho de fatores que afetam a saúde e estresse do trabalhador. ",psicologia das organizações e do trabalho 02/2016 - 06/2017: diagnosticar e formular alternativas aos problemas e as relações de trabalho. desempenho de fatores que afetam a saúde e estresse do trabalhador,,,,2017-06,psicologia clínica,,,,2016-02,unknown
cv47675.xml,python essentials (40 horas) 4linux (são paulo/sp) 08/2017 a 09/2017  java avançado (40 horas) impacta tecnologia (são paulo/sp) 10/2001 a 11/2001  linux (management and network security) (80 horas) insight consultoria (são paulo/sp) 06/2001 a 08/2001 object oriented programming fundamentals(40 horas) c ++ language (40 horas) compuway treinamentos (são paulo/sp) 04/1999 a 05/1999  visual basic (80 horas) senac (bauru/sp) 09/1998 a 11/1998   existente na época e é ainda uma das mais importantes. publicado em 2010  está disponível em: http://www.vivaolinux.com.br/artigo/introducao-a-plataforma-gnu-de-desenvolvimento  ensaio acerca das bibliotecas de abstração de acesso a sgbd's em linguagem c++ análise das mais importantes bibliotecas para abstração de acesso a sgbd's existentes https://pt.wikibooks.org/wiki/bancos_de_dados/abstração  outros projetos relevantes desenvolvidos portogp projeto  voltado  à  segurança  da  informação  e  gestão  de  infraestrutura.  corretamente operando como modulo do mecanismo pam  o sistema permite a definição remota e centralizada de diretivas de permissão de acesso e dados de operação de terminais e servidores  fornecendo para arquitetura linux um mecanismo semelhante em funcionalidade ao existente na arquitetura active directory  apploader carregador de aplicativos destinado a monitorar  coletar e exportar dados de operação de aplicações operadas em infraestrutura corporativa.  o sistema coleta dados de operação das aplicações monotoradas e armazena informações em um banco de dados a fim de permitir reunir informações acerca de erros e inoperacias apresentados pelos aplicativos sem interferẽncia do usuário final e disponibilizando esses dados aos desenvolvedores dos sistemas ou gestores de infrraestrutura.  unikos appliance baseada em linux altamente otimizada para uso acadêmico. baseado em sistema diskless  operada através de mecanismo de gestão de infraestrutura desenvolvido por mim e contanto com centenas de projetos integrados  unikos é o mais sofisticado e adequado sistema de uso acadềmico do mercado  outros dados de identificação sourceforge: sourceforge.net/u/rmerli homepage: www.renatomerli.com vol: www.vivaolinux.com.br:443/ ~rmerli linkedin: br.linkedin.com/pub/renato-merli/46/844/2a0 drt: num. 061243 série 00377-sp   (www.robocon.org). permite que diferentes algoritmos sejam avaliados através da solução de um problema  e  tem  propósito  didático.  desenvolvido  em  1999  foi  escrito  linguagem  c++  para plataforma linux e está disponível em: http://snackware.sf.net  introdução à plataforma de desenvolvimento gnu artigo dirigido à comunidade de desenvolvedores de software que documenta e demonstra o uso dos principais componentes da plataforma de desenvolvimento gnu. era a única referência ,introdução à plataforma de desenvolvimento gnu artigo dirigido à comunidade de desenvolvedores de software que documenta e demonstra o uso dos principais componentes da plataforma de desenvolvimento gnu. era a única referência,,current,1999,1998-11,senac,,,2010,1998-09,unknown
cv48794.xml,"•   work shop rh: ""recursos humanos: principais pontos críticos e soluções"" palestrante: tânia leite. (carga horária: 2h30min) - 2009 •   gerenciamento de processos - una 2009. •   gerencia de recursos humanos - senac - 2010 •   formação de analista de rh - agah- recursos humanos - 24hs - 2011 •   rh estratégico - agah - recursos humanos - 16h - 2011 •   treinamento do vagas.com - 04h - 2014 •   indicadores de rh - integração escola de negócios - 16h - 2014 •   fazendo a mudança dar certo - 2h - hay group / 2014 •   auto liderança: acessando seu gênio pessoal - tao coaching / 2016 (*internacional) •   coaching essentials - internacional/ 2016 •   introdução a terapia familiar sistêmica (em andamento) cevi/2018. •   árvore da vida - cevi/2018 •   eneagrama - instituto você/2018.   menthes (conclusão em 2017). ",menthes (conclusão em 2017),,,2017,,instituto você,,,,,unknown
cv53105.xml,/palestras java para internet jsp modelagem orientada a objetos e uml modelagem de dados e metodologia case introdução ao oracle 9i gestão de projetos em ti primavera - gerenciamento de tempo e de pessoas. palestra sobre cmm - programas de qualidade os 390 cobol básico c/ lógica de programação cursos online via alura de javascript e css com certificado. cobol avançado  cics  db2 com modelagem de dados object oriented analysis and design with uml - 31/08/09 - ibm (elearning course id - ss115472) visual studio 2005/2008 com c# e asp .net - cubo informática - carga horária 48 hs academia abap - kasolution - carga horária 100hs - de out/13 à dez/13. treinamento de oo e c# - ibm - 20hs - de 28/03/16 à 01/04/16. ,treinamento de oo e c# - ibm - 20hs - de 28/03/16 à 01/04/16,2016-04-01,,2008,2013-12,academia abap,,2016-03-28,,2013-10,unknown
cv45459.xml,gerais: 01/2010 - 12/2014 •   curso extra-curricular / profissionalizante em aplicação de testes psicologicos e elaboração de laudos  lvm consultoria em recursos humanos em minas,e elaboração de laudos  lvm consultoria em recursos humanos em minas,,,,2014-12,laudos  lvm consultoria em recursos humanos em minas,,,,2010-01,unknown
cv56549.xml,"• curso de segurança de redes de dados ministrado pela cnz engenharia e informática no período de 15/10/01 a 19/10/01.  • curso de extensão em comunicações de dados ministrado pela faculdade de engenharia elétrica e de computação da universidade estadual de campinas  no período de 12/02/01 a 28/02/01.  • matéria isolada no ita: administração de banco de dados - 1o semestre/2002  • matéria isolada no ita: introdução à criptografia - 1o semestre/2003   artigos e trabalhos publicados  • lima jr  lourival pereira de milani  paulo g. - ""descrição do software da interface matlab/multiprogramador"". são josé dos campos - 1997. publicação interna do inpe  registro inpe-6381-man/015.   superior completo idade: 41 anos aceita propostas como: clt (preferencial)  pj disponibilidade: imediata inglês: avançado sexo: masculino possui empresa aberta ? sim portador de necessidades especiais ? não","curso de segurança de redes de dados ministrado pela cnz engenharia e informática no período de 15/10/01 a 19/10/01.  • curso de extensão em comunicações de dados ministrado pela faculdade de engenharia elétrica e de computação da universidade estadual de campinas  no período de 12/02/01 a 28/02/01.  • matéria isolada no ita: administração de banco de dados - 1o semestre/2002  • matéria isolada no ita: introdução à criptografia - 1o semestre/2003   artigos e trabalhos publicados  • lima jr  lourival pereira de milani  paulo g. - ""descrição do software da interface matlab/multiprogramador"". são josé dos campos - 1997. publicação interna do inpe  registro inpe-6381-man/015.   superior completo idade: 41 anos aceita propostas como: clt (preferencial)  pj disponibilidade: imediata inglês: avançado sexo: masculino possui empresa aberta ? sim portador de necessidades especiais ? não",,,2003,,matéria isolada no ita,,,,,unknown
cv44331.xml,• mcp .net e mcad .net microsoft b&f • xml impacta • asp i e ii impacta • visual basic.net wincomp • sql server 2000 wincomp • flash 4.0 fiap • dreanwaver 2.0 fiap • visual basic gennary & peartree • asp.net mvc 5.0 caelum • c# desenv. orientado a objetos caelum,c# desenv. orientado a objetos caelum,,,,,fiap,mcad,,,,unknown
cv56041.xml,administração - secretariado - informática - 06/2008 - new center,administração - secretariado - informática - 06/2008 - new center,,,,2008-06,new center,,,,,unknown
cv41179.xml,capacitação e aperfeiçoamento em conciliação - escola paulista da magistratura - epm / amor e limites: interações de qualidade entre pais e filhos no psicolog - instituto de estudos do comportamento / alienação parental - fafich - ufmg / capacitação sobre aids: ainda corremos risco? - prefeitura de são carlos/sp / intensive english program - internacional language academy of canadá - ilac.,capacitação e aperfeiçoamento em conciliação - escola paulista da magistratura - epm / amor e limites: interações de qualidade entre pais e filhos no psicolog - instituto de estudos do comportamento / alienação parental - fafich - ufmg / capacitação sobre aids: ainda corremos risco? - prefeitura de são carlos/sp / intensive english program - internacional language academy of canadá - ilac,,,,,instituto de estudos do comportamento,,,,,unknown
cv47115.xml,• recrutamento e seleção - senac (2018) • agenciamento de viagens - etec julio de mesquita (2011) • técnicas administrativas com ênfase em informática - centro educacional comunitário são paulo apóstolo. (dezembro de 2009) ,técnicas administrativas com ênfase em informática - centro educacional comunitário são paulo apóstolo. (dezembro de 2009),,,2011,2009-12,técnicas administrativas com ênfase em informática - centro educacional comunitário são paulo apóstolo,,,,,unknown
cv42211.xml,•   consultoria interna de rh - business partner/16 horas - crbasso - 2017 •   entrevista de seleção por competência /08 horas - apas - 2016 •   grafologia - análise da personalidade através da escrita /16 horas - apas 2016 •   entrevista de seleção por competência e elaboração de parecer /09 horas scelta rh - 2015 •   grafologia - metodologia paulo sergio de camargo /320 horas - 2015 (grafologia expressiva  perfis sintéticos por competências  personalidade de risco e grafologia emocional) •   recursos humanos /24 horas - senac - 2013. •   informática básica - microlins - 2008 ,informática básica - microlins - 2008,,,2008,,informática básica - microlins,,,,,unknown
cv6499.xml,2009 - 2012,2009 - 2012,,,2012,,,,,2009,,unknown
cv38615.xml,technical  program for internet and cobol  2008 - 2008,technical  program for internet and cobol  2008 - 2008,,,2008,,,,,2008,,unknown
cv52483.xml,• estágio institucional e escolar - faculdades metropolitanas unidas - fmu • curso de inclusão profissional de pessoas com deficiência - ihpsi • participação de workshop voltado para o desenvolvimento infantil  - psico eduque. • idioma inglês: nível básico (cursando),idioma inglês: nível básico (cursando),,,,,faculdades metropolitanas unidas - fmu,,,,,unknown
cv42212.xml,• neuropsicologia (online) - mar./2018 a mai./2018 (cursando) - 80 horas - instituição: p. educação.  • como falar em público - fev./2017 a mar./2017 - 15 horas - instituição: senac.  • inclusão de pessoas com deficiência: planejamento e prática - mai./2016 a jul./2016 - 36 horas - instituição: senac.  • práticas pedagógicas inclusivas na área da deficiência intelectual - set. /2015 à fev. /2016 - 180 horas - instituição: unesp.  • dinâmicas e testes na seleção - ago./2015 - 22 horas - instituição: ev fundação bradesco.  • comunicação escrita - ago./2015 - 91 horas - instituição: ev fundação bradesco.  • de acordo com o novo acordo - jan./2015 - 10 horas - instituição: ev fundação bradesco.  • informática básica - mai./2012 - 66 horas - instituição: microway. ,informática básica - mai./2012 - 66 horas - instituição: microway,,,2012,2016-02,informática básica,,,2016,2015-09,unknown
cv44690.xml,o curso treinee em gestão de pessoas (120 h) - tgp- soma consultoria/pi o curso de informática e digitação - fc informática/pi o relações humanas e atendimento de qualidade - sistema brasileiro de consultoria e publicidade - sbep/pi o aperfeiçoamento  e  atualizações  constantes  em vários  mine  cursos  encontros  fóruns  seminários  congressos  painéis e palestras nos diversos temas da área de formação. outros conhecimentos: •   consultoria e diagnóstico em rh. •   pesquisa de clima organizacional. •   identidade organizacional. •   rotinas trabalhistas. •   regimento interno. •   descrição e análise de cargos. •   treinamento e desenvolvimento. •   avaliação de desempenho. •   gestão de conflito e negociação gestão da demissão. • políticas de recompensa qualidade e saúde do trabalhador. declaro  que  todas  as  informações  citadas  aqui  são  verdadeiras  e  podem  ser  devidamente comprovadas.,comprovadas,,,,,consultoria e diagnóstico em rh,,,,,unknown
cv54624.xml,• graduada em psicologia (conclusão em dezembro de 2015).,graduada em psicologia (conclusão em dezembro de 2015),,,,2015-12,,,,,,unknown
cv41460.xml,•  inglês intermediario wizard. •  certificação mcts framework 70-503. •  certificação mcts asp.net 3.5 - 70-762. •  certificação mcts asp.net 3.5 - 70-506. •  treinamento em gerenciamento de escopo e risco em projetos (criton),treinamento em gerenciamento de escopo e risco em projetos (criton),,,,,,,,,,unknown
cv44753.xml,udemy: - angular 2 e 4 com typescript. - docker. - node. - jasmine. - microsoft project 2016. caelum: - programação front-end com javascript e jquery  20h. - java para desenvolvimento web  40h. - laboratório java com testes  jsf  web services e design patterns  20h. - persistência com jpa e hibernate  40h. - laboratório web com jsf e cdi  40h. - gerenciamento ágil de projetos de software com scrum  20h. - curso práticas ágeis de desenvolvimento de software  20h. green treinamentos: - introdução a orientação a objetos c#  40h. - asp.net  40h. - sql server com transact sql  40h.,sql server com transact sql  40h,,,2016,,,,,,,unknown
cv44289.xml,prince2 foundation - athem 2013 cobit - belmont consulting 2011 itil - belmont consulting 2011 scrum - agrosol 2009 java para web - certificado borland jbuilder 9 - agrosol 2005 linguagem de programação java - senac 2003 administrador de redes - formação ispa/cyclades - senac 2002 macromedia - central mac 2001 windows nt server - griaule 1999 delphi 3.0 - informática 1997 ,delphi 3.0 - informática 1997,,,1997,,macromedia - central mac,,,,,unknown
cv53187.xml,inglês nível intermediário escolas: wizard e english for all html5  jscript  jquery e css3 escola: k19 período: 2 semanas  concluído em 2015 bootstrap escola: caelum período: 2 semanas  concluído em 2015 csharp escola:alura período: 1 mês  concluído em 2017,período: 1 mês  concluído em 2017,,,2017,,wizard e english for all,,,,,unknown
cv48990.xml,tecnologias back-end introduction to docker on windows with visual studio 2017  pluralsight  - curso técnico online - 04/2017 à 04/2017 .net framework (15 anos) .net core (6 meses) docker images and containers for asp.net core  pluralsight  -  curso técnico identityserver (6 meses) online - 03/2017 à 03/2017 c# (13 anos) wcf (6 anos) securing asp.net core with oauth2 and openid connect  pluralsight  -  curso nodejs (1 ano) técnico online - 02/2017 à 02/2017 rabbitmq (6 meses) kafka (6 meses) building a restful api with asp.net core  pluralsight  -  curso técnico online - entity framework (7 anos),building a restful api with asp.net core  pluralsight  -  curso técnico online - entity framework (7 anos),,,,2017-02,,,,,2017-02,unknown
cv52574.xml,análise desenvolvimento físico - 04/2014 projeto de observação terceira idade - 06/2014 aplicação projeto de observação (seminário univercidade anhanguera) estágio social - prevenção e intervenção escolar 01/2015 estágio saúde - realizado em caps 06/2015 estagio educacional 01/2016. • atendimento clínico: consiste na terapia individual ou em grupo 06/2016 á 06/2018. ,atendimento clínico: consiste na terapia individual ou em grupo 06/2016 á 06/2018,,,,2018-06,univercidade,,,,2016-06,unknown
cv46044.xml,curso: libras (língua brasileira de sinais) - intermediário instituição: escola interlibras  curso: inglês (básico modulo 02) - trancado instituição: wizard idiomas ltda.  curso: recrutamento e seleção para iniciantes - concluído instituição: rh em ação- 02\2017  curso: grafologia para recrutamento e seleção -concluído instituição: rh em ação- 02/2017  curso: administração de conflito -concluído instituição: senac- 11\03\2017 a 29\04\2017  curso: excel intermediário instituição: fundação bradesco 18horas ,curso: excel intermediário instituição: fundação bradesco 18horas,2017-04-29,,2002,2017-02,fundação bradesco,,2017-03-11,,,unknown
cv42125.xml,• operação de franquia cartório mais • inglês e espanhol (básico),inglês e espanhol (básico),,,,,,,,,,unknown
cv53130.xml,◦ senai - manutenção e montagem de computadores ◦ visie -  webstandarts (tableless  acessibilidade  xslt  javascript crossbroswer  ajax  webmobiles) ◦ caelum - java  struts  mvc  jstl  jsp  servlets conhecimentos técnicos linguagens de programação: c#  java  javascript linguagens de marcação: html5  css3  xml  xpath  xquery  schema  xsl-fo banco de dados: sql server (t-sql)  oracle.(pl/sql) frameworks/ plataformas: jquery  angularjs  microsoft frameworks (asp.net web api  asp.net mvc {3  4  5  6}  wcf  entity framework {5 6}  asp.net core {1.0  1.1  2.0})  nhibernate 3  fluentmigrator  fluent validator. metodologias: orientação à objetos  design paterns  uml 2.0  ddd  scrum. alm tools: enterprise architect  visio  erwin  caliber  together  starteam   soap ui  fiddler ide's: visual studio 2015 2017 repositórios: svn  git  mercurial  tfs atuações anteriores: visual basic 6  asp 3.0  vba  delphi  java  j2ee(hibernate  struts2  vraptor  velocity)  eclipse  delphi 7 e rad studio (delphi .net)  xhtml  python  django  scriptaculous  prototype  visual source safe,atuações anteriores: visual basic 6  asp 3.0  vba  delphi  java  j2ee(hibernate  struts2  vraptor  velocity)  eclipse  delphi 7 e rad studio (delphi .net)  xhtml  python  django  scriptaculous  prototype  visual source safe,,,2017,,atuações anteriores,,,,,unknown
cv37384.xml,análise de sistemas  2007 - 2011,análise de sistemas  2007 - 2011,,,2011,,,,,2007,,unknown
cv45481.xml,tableau desktop (básico  intermediário e avançado) porto seguro - 96 horas gestão de projetos porto seguro - 32 horas ms project 2013 baseado em pmi clarify - 40 horas conhecimento da ferramenta changepoint porto seguro - 16 horas técnicas de negociação cr basso - 16 horas itil foundation porto seguro - 16 horas,porto seguro - 16 horas,,,,,itil foundation,,,,,unknown
cv43893.xml,ionic & cordova com angular 2(concluído em 07/2017) - helpper informática.   html5 & css3 - celula.cc - concluída em 09/2013   ios sdk objective c (concluído em 10/2013) - swift (concluído em 10/2015)  webapps - ionic & cordova (concluído em 09/2015) iai? instituto de artes interativas   analista desenvolvedor .net nelson henrique a. proença  38 anos  casado  sem filhos  não fumante jabaquara - são paulo  sp nelsonhaproenca@gmail.com / 11 94938-9500 ,nelsonhaproenca@gmail.com / 11 94938-9500,,,2011,2015-09,iai? instituto de artes interativas,,,,2013-10,unknown
cv52602.xml,bit company - educação e tecnologia qualificação profissional com ênfase em técnicas administrativas rotinas administrativas  departamento de pessoal  marketing pessoal  contabilidade  secretariado  vendas e telemarketing qualificação profissional com ênfase em automação de escritório com programas do pacote office (windows  word  excel  powerpoint  and access) e navegação e comunicação com uso da internet. cursinho da poli / consórcio social juventude sampa assistente administrativo  introdução á administração  rotinas administrativas  serviços departamentais  matemática comercial  redação empresarial  empregabilidade  empreendedorismo  recursos tecnológicos  técnicas de arquivo  protocolo e elaboração de projeto.,assistente administrativo  introdução á administração  rotinas administrativas  serviços departamentais  matemática comercial  redação empresarial  empregabilidade  empreendedorismo  recursos tecnológicos  técnicas de arquivo  protocolo e elaboração de projeto,,,,,cursinho da poli / consórcio social juventude sampa,,,,,unknown
cv21667.xml,treinamentos e consultoria em ti  desenvolvimento java para aplicações web  2008 - 2009 activities and societies: java  orientação a objetos,activities and societies: java  orientação a objetos,,,2009,,treinamentos e consultoria em ti,,,2008,,unknown
cv40707.xml,certified scrummaster  adaptaworks jenkins: automação de deploy e integração contínua  alura jasper reports: relatórios com java  alura java e jsf: sua aplicação web com jsf2  alura java e jpa: persista seus objetos com jpa2 e hibernate  alura ejb: o poder da javaee  alura,ejb: o poder da javaee  alura,,,,,,certified scrummaster,,,,unknown
cv44067.xml,"; . acompanhamento (mentoring on the job); . workshop para internalizar as práticas e padrões definidos e aculturamento soa; . aplicação das práticas e padrões definidos em 3 serviços pilotos.  gerenciamento técnico da equipe de governança soa para o cliente bradesco seguros e previdência. (até 12/12/2014) principais atividades: - levantamento dos ativos de software existentes no cliente em todas suas verticais para serem catalogadas no repositório de ativos de software de forma mais aderentes ao negócio e aos princípios de uma arquitetura orientada a serviços (soa);  - criação de processo de identificação de serviços (soa) para as fornecedoras utilizarem em seus projetos de desenvolvimento de sistemas;  - criação de processo de validação dos serviços identificados afim de averiguar a coesão ao novo modelo de serviços do cliente;  - levantamento dos domínios de negócio e cadeia de valores (macro processos) do cliente para serem linkados aos ativos de software  facilitando o entendimento dos relacionamentos entre os ativos em relação ao core do negócio;  - integração do catálogo de ativos de software com demais ferramentas do cliente para tornar o catálogo a base principal de consulta de ativos.  - mapeamento do ciclo de vida dos ativos dentro do processo de governança soa.  - integração e alinhamento entre os processos da governança soa (as-is) e a governança soa (to-be)   03/2012 a 01/2014 osx construção naval s.a líder mundial em construção naval. coordenador de sistemas  projetos e operações  ●  experiência no levantando dos requisitos técnicos e estratégicos para seleção de softwares e na identificação de fornecedores potenciais  elaborando e emitindo as rfis - request of information  além de avaliar os ""gap"" entre os requisitos e a respostas dos fornecedores para as respectivas rfis. ● capacidade de gerenciamento de múltiplos projetos e de diferentes tipos  tendo em média 3 projetos para conduzirem simultaneamente  conhecimento do negócio e gestão de projetos. ● uso ferramentas de gestão de projetos ex: project charter  msproject  primavera  etc ● gerenciamento de escopo  prazo  riscos  entregáveis  metas e kpi. ● mantenho status periódico do projeto para diferentes fóruns. ● gerencio o plano de comunicação do projeto. ● responsável pela atualização do repositório de documentos do projeto. ● administro conflitos e as expectativas dos diversos stakeholders. ● conhecimento e experiência no uso dos conceitos de qualidade e gestão de projetos.  ●   desenvolvimento e gestão dos testes de conceito (pocs) dos sistemas selecionados  abrangendo a validação da documentação elaborada  bem como do modelo de tecnologia resultante das pocs.  ●   coordenação das iniciativas de implantação  melhoria  configuração e customização dos sistemas  envolvendo análise  execução  introdução e testes  garantindo a qualidade dos produtos gerados e gestão dos projetos.  ●   liderança da equipe de suporte aos sistemas de ti  sendo responsável por apoiar os sistemas integrados de operação e gerenciamento de uma indústria de construção naval.  ●  êxito nas soluções suportadas no projeto almagesto com um custo de r$ 42 milhões e na implantação e utilização de projeto inédito no mercado de construção naval  sendo realizado em um período de 02 anos.  10/2011 a 03/2012 stefanini consultoria em informática empresa de grande porte do segmento de consultoria. gerente de projetos  ●  gerenciamento e implantação de um centro de excelência soa na holding ebx  atuando no levantamento  criação do projeto piloto baseado na governança e na especificação  desenvolvimento  implantação e sustentação dos serviços executados no ambiente oracle  além de elaborar o rfi para o projeto mdm - master data management.  11/2010 a 10/2011 brq consultoria empresa de grande porte do segmento de consultoria. gerente de projetos e demandas  ● gestão de projetos sap nas áreas fiscal  controladoria e financeira  agindo na criação de project charter e plans  wbs  cronograma  matriz e análise de risco  elaboração e implementação de plano de comunicação  timelines  monitoramento de milestones  controle de escopo  tempo  custo  recursos  contratos de terceiros  preparação de relatórios de progresso e escalação  moc  escalação de issues e coordenação de sign-offs.  ● administração de softwares sap  como erp  business intelligence  bwa 7.0  supply chain management 7.0  live cache 7.6  enterprise portal 7.0  solution manager 7.0  process integration 7.0  nwd  e2e  realizando a auditoria dos sistemas  monitoramento e suporte do ambiente sap e bancos de dados oracle.  ● responsável pela especificação técnica para projetos  desenho de soluções integradas  aplicação de suporte e enhancement package  notas e atualizações de kernel  execução de homogenous e heterogeneous systemcopy  acompanhamento e ajuste de desempenho do ambiente sap  controle das rotas de transporte  agendamento e realização dos ajustes contidos nos relatórios early watch e suporte técnico as equipes de consultores funcionais.  10/2009 a 11/2010 grupo mxm empresa de grande porte do segmento de consultoria. gestor de projetos de erp e suporte a banco de dados  ● expertise no gerenciamento de projetos trunking  data warehouse e piloto em novas tecnologias e suporte a erp  área funcional e a banco de dados (oracle) e na implantação de sap manager.  ● administração e suporte a banco de dados  atuando nos processos de controle de custos  criação de projetos  instalação e configuração do ambiente de alta complexidade  construção e implantação de arquitetura de clusterização  importação e exportação  consolidação das bases de dados  modelagem e manipulação.  ● experiência na elaboração de propostas  com foco em investimentos  estabelecimento de metas e receita para os clientes  gestão de desenvolvimento de produtos e serviços profissionais especializados  elaborando portfólio para a área de banco de dados  assim como na execução de planos estratégicos para a diretoria.  ● instalação  configuração e implementação do san (storage adminstration network  tunning  ambiente de backup- recovery e do oracle collaboration suíte (oracle mail).  ● responsável pelo desenvolvimento de ferramenta etl (extração de dados) para projeto de business inteligence - bi e de stored procedure  triggers e views  bem como pela customização do software de backup-recovery (arc server (robô) e pelo acompanhamento de performance  otimizando o banco de dados.  ● vivência na aprovação de especificações funcionais e na realização de pedidos de alteração e correção no sistema e testes de versões  aplicação de treinamentos de softwares erp  tal como no controle de desempenho e ajuste de aplicação e bd de pequeno e grande porte.  ● atuação em oracle  postgresql  sql server e inicial em db2 e mysql  administração e configuração de bd em ambientes unix e windows   backup e recovery  rac  asm  data guard  data masking  database vault  diagnostics pack  streams 10g e 11g  total recal  tuning pack  warehouse builder  auditoria  migração e modelagem de dados e plsql.  ● realização de planejamento de rede  instalação e integração de sistemas  drive testes para melhoria de redes wireless  além de prestar assistência técnica e executar a manutenção do sistema erp e cotações complementares para serviços de banco de dados  como: tunning  backup recover  instalação  migração  integração e transfomação de dados e rac.  12/2002 a 02/2009 tim brasil s/a empresa de grande porte do segmento de telecomunicações. gerente de projetos & produção e suporte  ● gestão de 60 profissionais de tecnologia  como: oracle  unix  datastage  microstrategy  ""c""  shell  plsql  bo  control-m  remedy  pvcs tracker  sas e discovery  atuando como pcp de bi e datawarehouse  scheduller  fechando contrato com fornecedores  assim como das equipes de unificação dos módulos de segmentação por rentabilidade  critério de baixas de pré-pago e arpu/mou   ● desenvolvimento e liderança de projetos  como: cplatam - customer profiling  bi stfc  db de recarga ao setor de vendas para controle da receita de recarga e balance revenue performance  atendendo a gerência corporativa de faturamento e relações com provedores  com foco na administração de receitas  custos e repasses financeiros.  ● execução e manutenção do módulo de segmento por rentabilidade e do data mart de clientes das regionais de rj  ba e rs  realizando o levantamento  especificação e definição das rotinas de etl das informações do dw para cargo do dm.  ● responsável pelo levantamento das necessidades de informação do marketing  especificação dos processos de extração  transformação e agregação das informações do dw para a cargo do dbm - projeto database marketing  bem como pela implantação da ferramenta viper  possibilitando cruzamentos de diferentes universos e geração de público para campanhas.  ● experiência na criação de soluções para tratamento de grandes volumes de dados e de etl e olap - em dw  datamart e cubos  tal como no monitoramento do ciclo de desenvolvimento de sistemas e na identificação  gerenciamento e rastreabilidade de requisitos.  ● vivência na modelagem e especificação dos casos de uso  como funcionalidades e regras de negócios  delimitação das funcionalidades do sistema e do escopo  determinação das interfaces do sistema  classes persistentes e relacionamento entre elas.  ● atuação na validação em conjunto com o cliente dos artefatos gerados na disciplina requisitos e modelagem  metrificação do sistema usando fpa  além de participar de projetos de migração e manutenção de sistemas sap nas frentes de bw e fi.  ● expertise no gerenciamento e implantação de startup na tim brasil  trabalhando também na replicação dos bancos  transferência do ambiente de produção e na implantação e configuração de servidores de aplicação e banco de dados no datacenter da tim brasil no rio de janeiro e depois em santo andré. ",expertise no gerenciamento e implantação de startup na tim brasil  trabalhando também na replicação dos bancos  transferência do ambiente de produção e na implantação e configuração de servidores de aplicação e banco de dados no datacenter da tim brasil no rio de janeiro e depois em santo andré,2014-12-12,current,,2009-02,fpa,,,,2002-12,unknown
cv52931.xml,recrutamento e seleção  entrevista psicológica e aplicação de testes conhecimentos de rotinas inerentes à área administrativa e rh atendimento em grupo e individual inglês e espanhol (nível básico) pacote office completo.,pacote office completo,,,,,pacote office completo,,,,,unknown
cv40491.xml,| informática rotinas administrativa e direito do trabalho - senac | pacote office (excel avançado) intensivo de analista de departamento pessoal (cursando),intensivo de analista de departamento pessoal (cursando),,,,,senac,,,,,unknown
cv51641.xml,gestão de projetos  veduca. (dezembro de 2016) - concluído libras  ueg. (dezembro de 2016) - concluído liderança  gestão de pessoas e do conhecimento para inovação.  veduca. (novembro de 2016) - concluído administração do tempo.   veduca. (agosto de 2016) - concluído fundamentos de administração  veduca. (março de 2016) - concluído informatica  fox informatica. (fevereiro de 2006) - concluído ,(fevereiro de 2006) - concluído,,,,2006-02,ueg,,,,,unknown
cv44292.xml,soa - fundamentos cds -  2015 apresentação dos conceitos básicos e fundamentos da metodologia soa. carreira de desenvolvedor java sun efatec /tba (talento 2004) - 2004 conceitos avançados aplicações em 3 camadas criação de aplicativos em servlet/jsp com mvc1 e mvc2 rmi corba struts hibernate rup/uml xml design patterns ejb aplicações distribuídas java x25 informática ltda. - 2002 conceitos básicos desenvolvimento de aplicações servlet/jsp em banco de dados mysql orientação a objeto. clear case e clear quest cast ti  - 2004 controle de versão de arquivos e gerenciamento de atividades. ged - onbase cast ti  - 2004 conceito de aplicações ged utilização da ferramenta on-base. web desing - macromedia comtraining / imedia - 2003 criação de sites tratamento de layouts como tabelas  textos trabalhando com formulários get e post java script utilização de ferramentas macromedia. python / zope castmeta informática ltda. - 2004 desenvolvimento de portais utilizando a tecnologia zope. java senac - 2001 conceitos básicos desenvolvimento de aplicações utilizando swing / awt. delphi senac - 2001 desenvolvimento  de  aplicações  voltadas  para  aréa  educacional conceitos  de objeto  pascal  arquitetura  de  banco  de  dados utilização  do  componente tquery relatórios metodologia de programação de senac - 2001 computadores lógica de programação e desenvolvimento de aplicações em pascal para o aprimoramento de técnicas de programação. desenvolvimento de sisitema de locadora e imobiliária. conhecimentos adquiridos metodologias: bpm  soa  agile  scrum frameworks: struts 1 e 2  spring  hibernate  jstl  jasper  flex. linguagens: java  delphi  html  vb  php  javascript. banco de dados:db2  sql server  oracle 10g  cachê mysql. ,metodologia de programação de senac - 2001 computadores lógica de programação e desenvolvimento de aplicações em pascal para o aprimoramento de técnicas de programação. desenvolvimento de sisitema de locadora e imobiliária. conhecimentos adquiridos metodologias: bpm  soa  agile  scrum frameworks: struts 1 e 2  spring  hibernate  jstl  jasper  flex. linguagens: java  delphi  html  vb  php  javascript. banco de dados:db2  sql server  oracle 10g  cachê mysql,,,2001,,senac,,,2004,,unknown
cv47889.xml,montagem e configuração de micro e redes. empresa: digicamp carga horaria: 40 horas.,carga horaria: 40 horas,,,,,carga horaria,,,,,unknown
cv45207.xml,• management 3.0 (2017) - k21 • kanban e kanban avançado - (2017) - k21 • po - (2017) - k21 • agile master (2017) - k21 • academia fi - sap (2012) • itil v3 (2010) - itil v2 - impacta (2008) • lean six-sigma (2009) • aim - (2009) • implantação de projetos de gestão de relacionamento (crm avançado) espm (2009) • uml - impacta (2006) • planejamento e gerência de projetos com ênfase em pmi - impacta (2005) • preparatório para certificação pmp - impacta (2005) • project 2003 - impacta (2005) • gerenciamento de projetos - procwork (2002) • fundamentos em datawarehousing - oracle (2001) • otimização de aplicativos oracle8i - oracle (2001) • programação java - 7comm (2001) • atualização oracle developer - oracle (2001) • administração de banco de dados oracle - intercommerce (1995) • oracle designer - oracle (1995) ,oracle designer - oracle (1995),,,1995,,espm,pmp,,2003,,unknown
cv48790.xml,ipv6  iso/iec autodidata -  2015,ipv6  iso/iec autodidata -  2015,,,2015,,,,,,,unknown
cv42815.xml,digitação - informática - espanhol - nível intermediário palestra marketing: o que o cliente quer do seu produto - senac - oratória: dicas de como falar em público. - iesb - simpósio internacional sobre análise do comportamento autista - iesb - recepção aos calouros - iesb - relatos de pesquisa - iesb - como o marketing te ajuda a vender mais - pearson - introdução ao comportamento organizacional - pearson - o processo decisório de consumo - pearson - personalidades e emoções - pearson - técnicas de seleção - pearson - criando equipes eficazes - pearson - relatos de pesquisa - iesb - como o marketing te ajuda a vender mais - pearson - introdução ao comportamento organizacional - pearson - o processo decisório de consumo - pearson - personalidades e emoções - pearson - técnicas de seleção - pearson - criando equipes eficazes - pearson,criando equipes eficazes - pearson,,,,,iesb,,,,,unknown
cv45680.xml,• pacote office. • recrutamento e seleção por competências e dinâmicas de grupo - rh positivo. goiânia  maio de 2018.,goiânia  maio de 2018,,,,2018-05,pacote office,,,,,unknown
cv53169.xml,pacote office - coreldraw - photoshop nível avançado inglês - cursando - cultura inglesa gestão de pessoas - fgv - fundação getúlio vargas motivação organizacional - fgv - fundação getúlio vargas normas e procedimentos iso 9000  9001.,normas e procedimentos iso 9000  9001,,,,,fgv - fundação getúlio vargas,,,,,unknown
cv53979.xml,• escola de educação básica da universidade federal de uberlândia: estágio profissionalizante desenvolvido durante um ano com crianças  adolescentes jovens e adultos. atuei na coordenação  planejamento e execução de atividades individuais e em grupo como oficinas psicoeducacionais e outras atividades mobilizando a rede institucional e mediando os processos educacionais. • estágio básico na área da psicologia escolar desenvolvido no programa se liga: o programa se liga consiste em um acompanhamento de adolescentes desligados das unidades socioeducativas de privação e restrição de liberdade vinculadas à suase  estabelecendo-se como um espaço para trabalhar com os adolescentes reinserindo-os socialmente. neste sentido  atuei como coordenadora de atividades de intervenção  mobilização e mapeamento da rede de garantia de direitos destes adolescentes. • estágio profissionalizante de avaliação psicológica de crianças e adolescente no instituto de psicologia na clínica psicológica: atividades relacionadas ao acolhimento inicial dos pacientes e seus familiares/responsáveis legais entrevistas com a família observação/entrevista com a criança/adolescente planejamento do processo de avaliação psicológica aplicação de técnicas projetivas análise e interpretação das informações obtidas entrevista devolutiva orientação/aconselhamento encaminhamento. • participação  durante 1 ano  da liga acadêmica de saúde e família do curso de medicina desenvolvendo projetos de extensão com agentes comunitários em unidades de saúde. • monitora do i simpósio de pesquisa em psicologia da saúde. • monitora do xi congresso nacional de psicologia escolar e educacional.,monitora do xi congresso nacional de psicologia escolar e educacional,,,,,xi congresso nacional de psicologia escolar e educacional,,,,,unknown
cv51887.xml,•   grafologia carga horária: 15 horas/aula (meses de setembro e outubro/2009) instituição: agah re-cursos  •   palográfico e atenção concentrada carga horária: 8 horas (14/11/2009) instituição: âncora consultoria e treinamento •   libras carga horária: 40 horas (16/08 a 16/11/2011) instituição: feneis - federação nacional de educação e integração dos sur2dos •   redação empresarial  carga horária: 8 horas/aula (20/03 e 21/03/2012) instituição: bombril  •   idioma/informática duet english: nível básico. rhz informática: pacote office pretensão salarial: a combinar  disponibilidade para viagens e para residir em outra cidade ou estado.  obs: enquadro na cota pcd visual monocular. ,obs: enquadro na cota pcd visual monocular,2012-03-21,,,2009-10,rhz informática,cota,2012-03-20,,2009-09,unknown
cv48752.xml,montagem e manutenção de hardware (microcomputadores) cursos microsoft certified professional: 2071 - querying ms sql server 2000 - with transact sql 2072 - administering a microsoft sql server 2000 database 2073 - programming a microsoft sql server 2000 database windows sharepoint services e portal server,windows sharepoint services e portal server,,,,,,microsoft certified professional,,,,unknown
cv45056.xml,inglês intermediário   dinâmica de grupo   hunting e mapeamento de mercado   teste palográfico   teste teaco   entrevista por competência   recrutamento e seleção  temporários e terceirizados.,inglês intermediário   dinâmica de grupo   hunting e mapeamento de mercado   teste palográfico   teste teaco   entrevista por competência   recrutamento e seleção  temporários e terceirizados,,,,,inglês intermediário,,,,,unknown
cv44636.xml,◦ curso preparatório para certificação pmi (são paulo) ◦ gestão implantação da gestão e segurança da informação (morphus - recife) ◦ gestão implantação da gestão de riscos (iso31000:2009) (morphus - recife) ◦ cursos avançados de programação natural ii x adabas e cobol x dbii (são paulo) ◦ curso de extensão metodologias analise essencial (ufce) fortaleza ◦ curso de gerencia de projetos realizado na ibm brasil (salvador) ◦ curso de gerencia de requisitos uml - bradesco são paulo ◦ curso gerencial sap mm fi e co da sap ministrada pela price - recife ◦ curso de pdi - planejamento e desenvolvimento da informação - são paulo dados para contato: ✓ skype: itaload - email: itaload@uol.com.br ✓ pagina linkedin: https://www.linkedin.com/in/italo-dantas-157a8216/,pagina linkedin: https://www.linkedin.com/in/italo-dantas-157a8216,,,2009,,fi,,,,,unknown
cv52492.xml,"❖ rh gestão de pessoas - unia ❖ congresso iii semana de rh ""as novas ferramentas na gestão de pessoas"" - unia ❖ gestão de carreira - crr ❖ recursos humanos - fgv online ❖ planejamento de carreiras - senac ❖ wokshop: gestão de carreira - unimed ❖ o cooperativismo de recursos humanos - unia ❖ inglês - nível básico - unianhanguerainformática - pacote office: word  excel  power point  visio e internet - bit company",inglês - nível básico - unianhanguerainformática - pacote office: word  excel  power point  visio e internet - bit company,,,,,inglês - nível básico - unianhanguerainformática - pacote office,,,,,unknown
cv44872.xml,•   curso metodologias ágeis - abu tecnologia •   ágil em escala e priorização de temas - abu tecnologia •   workshop design thinking - triggolabs •   curso information storage and management - emc education services •   curso gerenciamento de projetos pmbok pmp - projectlab •   curso rita mulcahy - projectlab •   curso pm project management  - emc education services •   solution selling - técnicas de vendas - conectiva •   linux - administração e redes - conectiva sp •   sco unix system v  tcp/ip e nfs - compucenter informática  principais feiras e eventos  •   sco forum (1998) - santa cruz - califórnia. •   sco forum (1999) - santa cruz - califórnia. •   sco forum (1992) - santa cruz - califórnia. •   interop (1992) - são francisco-califórnia.  histórico acadêmico  bacharel em ciências da computação pela puc-sp em 1990.  mary evelyn berger pavão marylyn04@gmail.com 51 anos rua santa justina  637 - vila olímpia - são paulo cel. (11) 96078-4917  informações adicionais  •   inglês avançado. •   espanhol básico. •   ótimo relacionamento em equipe. •   facilidade para liderar grupos de trabalho e para gerenciar situações de conflito. •   familiaridade no tratamento de clientes com ambientes de missão crítica e alto nível de complexidade. •   observação aguçada do ambiente do cliente  visando identificar novas oportunidades de negócio. ,inglês avançado. •   espanhol básico. •   ótimo relacionamento em equipe. •   facilidade para liderar grupos de trabalho e para gerenciar situações de conflito. •   familiaridade no tratamento de clientes com ambientes de missão crítica e alto nível de complexidade. •   observação aguçada do ambiente do cliente  visando identificar novas oportunidades de negócio,,,2011,,abu tecnologia,pmp,,,,unknown
cv52575.xml,• recrutamento e seleção - presencial  (ministrado pela psicóloga e coach natalia moreno - crp 06/125683) • passo a passo psicodiagnóstico infantil (psicoeduque - março/2018) • departamento pessoal (concluído/2013 - tecnoponta treinamentos) ,departamento pessoal (concluído/2013 - tecnoponta treinamentos),,,2013,2018-03,,,,,,unknown
cv54387.xml,2009 a 2011 links https://github.com/caioliveira94/ https://www.linkedin.com/in/caio-oliveira-723532b1/,https://www.linkedin.com/in/caio-oliveira-723532b1,,,2011,,,,,2009,,unknown
cv52743.xml,desde 2004 - brasil soka gakkai internacional - ong que visa à promoção de paz  cultura e educação  pautada na criação de valores humanos e a propagação de ideais humanistas. responsável de um núcleo feminino distrital  de jovens de 14 a 35 anos  e suas respectivas famílias atuação em uma banda marcial feminina  com membros de 05 a 35 anos  passando pelas incumbências de responsável de setor musical  do departamento infantil e  atualmente  vice-coordenadora técnica musical participação em um grupo que atua nos bastidores das atividades realizadas. o propósito das contribuições é desenvolver a si com base nos valores da entidade  bem como proporcionar oportunidades de treinamento aos membros desta  e contribuir para a construção de uma sociedade pacífica. ,atuação em uma banda marcial feminina  com membros de 05 a 35 anos  passando pelas incumbências de responsável de setor musical  do departamento infantil e  atualmente  vice-coordenadora técnica musical participação em um grupo que atua nos bastidores das atividades realizadas. o propósito das contribuições é desenvolver a si com base nos valores da entidade  bem como proporcionar oportunidades de treinamento aos membros desta  e contribuir para a construção de uma sociedade pacífica,,current,2005,,brasil soka gakkai internacional - ong,,,2004,,unknown
cv55151.xml,empresa: data news informática secretariado básico de informática. objetivos desempenhar todas as funções a mim atribuídas com eficiência  buscando sempre manter uma postura profissional e ética com todas as pessoas envolvidas no ambiente de trabalho  ressaltando  no entanto o aspecto de qualidade total e busca de parcerias para harmonização do trabalho em equipe a fim de contribuir para um melhor desempenho do grupo e da empresa. aline dos santos santana,aline dos santos santana,,current,,,data news informática,,,,,unknown
cv52474.xml,palográfico (2018) excel intermediário - impacta (2017) gestão empresarial (2007) ,gestão empresarial (2007),,,2007,,gestão empresarial,,,,,unknown
cv54359.xml,•   técnico de segurança do trabalho •   recursos humanos •   pacote office •   grafologia •   programa 5s •   dinâmica de grupo,dinâmica de grupo,,,,,pacote office,,,,,unknown
cv44295.xml,websphere application server v7 administration on windows bpm/soa com oracle bpm suite 11g e oracle soa suite 11g curso de formação de analistas de processos - cfap  oficial gart capote weblogic 10.3.6 e osb 11g,weblogic 10.3.6 e osb 11g,,,,,,,,,,unknown
cv42444.xml,• lógica de programação (senac) • curso de formação de programadores em java (politec) • construção de software (politec) • gerência de projetos (politec) • visuai sourcesafe (politec) • revisão em pares (politec) • administração de redes (senac) • montagem e configuração de micros (senac) • processos cmm (politec) • gerencia de configuração cmm (política) • php básico (politec) • workshop de ajax (politec) • frameworks struts (politec) • inglês (intermediário) brasília-df  27 de fevereiro de 2018,brasília-df  27 de fevereiro de 2018,2018-02-27,,,,senac,,,,,unknown
cv42688.xml,• microsoft project 2007 /2010 - tecnoponta informática - http://www.tecnoponta.com.br • curso preparatório para a certificação itil foundation - http://www.tecnoponta.com.br • asp.net módulo ii com mvc e wcf - impacta tecnologia - 60 horas - http://www.impacta.com.br • asp.net avançado com ajax e linq - tecnoponta informática - 60 horas • c# .net avançado com wpf e banco de dados - impacta tecnologia - 60 horas • c# .net avançado com windows forms - tecnoponta  informática - 60 horas • php avançado com ajax  jquery e my sql - tecnoponta informática - 40 horas • vb.net avançado - wincomp informática - 40 horas - http://www.wincomp.com.br • asp avançado e asp.net com vb.net - tecnoponta informática - 60 horas • asp.net com c# - wincomp informática - 40 horas • visual basic 6.0 avançado - vb 6.0 - tecnoponta informática - 40 horas • delphi 6.0 avançado -  tecnoponta informática - 40 horas • asp avançado com xml  php com my sql  java com jsp/ servlets  preparatório • certificação java  e javascript -  tecnoponta informática - 200 horas • excel 2010 e access 2010 completo com macros e vba - tecnoponta informática - 40 horas • php com my sql - tecnoponta informática - 40 horas • programando em sql server  2000/2005/2008 - curso oficial 2330 microsoft) - 40 horas • - impacta tecnologia -  site: http://www.impacta.com.br • oracle 8.0/9.0 pl/sql - tecnoponta informática - 40 horas • ajax com tableless / webstandards - tecnoponta informática - 32 horas - site: http://www.tecnoponta.com.br • preparatório certificação java sun - tecnoponta informática - 100 horas - site: http://www.tecnoponta.com.br • cursos de mcp windows server 2003 - tecnoponta informática - 100 horas • cisco ccna - tecnoponta informática - 100 horas • segurança de redes windows server 2000/2003 - tecnoponta informática - 40 horas • linux conectiva  ubuntu e red hat (curso oficial 5 módulos) - ibta informática  - 3 meses(168 horas) - cursando na unidade paraíso (são paulo) - fundamentos do sistema linux administração de sistemas i e ii   administração de redes i e ii - 168 horas. site: http://www.ibta.com.br • windows 2003 tcp/ip intranet avançado  - tecnoponta informática - 40 horas • windows nt / novell 4.0 e 5.0 / cabeamento estruturado metálico e óptico- domínio tecnologia -  200 horas - site: http://www.dominiotecnologia.com.br término: setembro de 2012 (concluído),término: setembro de 2012 (concluído),,,2008,2012-09,cabeamento estruturado metálico e óptico- domínio tecnologia,ccna,,,,unknown
