id,licenseorcertification_description,licenseorcertification_effectivedate_firstissueddate_year,licenseorcertification_effectivedate_firstissueddate_yearmonth,licenseorcertification_effectivedate_validfrom_anydate,licenseorcertification_effectivedate_validfrom_year,licenseorcertification_effectivedate_validfrom_yearmonth,licenseorcertification_effectivedate_validto_anydate,licenseorcertification_effectivedate_validto_yearmonth,licenseorcertification_id,licenseorcertification_name
cv48180.xml,certification; matched to list,,,,,,,,1,certified tester
cv48180.xml,certification,,,,,,,,2,scrum fudamentals certified
cv43422.xml,certification; matched to list,,,,,,,,1,scjp
cv43422.xml,certification; matched to list,,,,,,,,2,sun certified java programmer
cv43422.xml,certification; matched to list,,,,,,,,3,sun certified java
cv43422.xml,certification; matched to list,,,,,,,,4,sun certified
cv43422.xml,certification; matched to list,,,,,,,,5,certified java programmer
cv43422.xml,certification; matched to list,,,,,,,,6,certified java
cv43422.xml,certification; matched to list,,,,,,,,7,itil v3
cv48450.xml,certification; matched to list,,,,,,,,1,pmp
cv45197.xml,certification; found in certifications,,,,,,,,1,scjp 5.0 - sun certified java programmer
cv45197.xml,certification; found in certifications; matched to list,,,,,,,,2,scjp
cv45197.xml,certification; found in certifications; matched to list,,,,,,,,3,sun certified java programmer
cv45197.xml,certification; found in certifications; matched to list,,,,,,,,4,sun certified java
cv45197.xml,certification; found in certifications; matched to list,,,,,,,,5,sun certified
cv45197.xml,certification; found in certifications; matched to list,,,,,,,,6,certified java programmer
cv45197.xml,certification; found in certifications; matched to list,,,,,,,,7,certified java
cv52132.xml,certification; found in certifications,,,,,,,,1,certified scrum product owner
cv52132.xml,certification; found in certifications,,,,,,,,2,engenharia de requisitos - cpre-fl
cv52132.xml,certification; found in certifications,,,,,,,,3,conhecimento nas ferramentas
cv52132.xml,certification; found in certifications,,,,,,,,4,bizagimodeler
cv52132.xml,certification; found in certifications,,,,,,,,5,astah
cv52132.xml,certification; found in certifications,,,,,,,,6,balsamicmockups
cv52132.xml,certification; found in certifications,,,,,,,,7,justinmind
cv52132.xml,certification; found in certifications,,,,,,,,8,xmind
cv52132.xml,certification; found in certifications,,,,,,,,9,tortoise svn
cv52132.xml,certification; found in certifications,,,,,,,,10,jira
cv52132.xml,certification; found in certifications,,,,,,,,11,guithub
cv52132.xml,certification; found in certifications,,,,,,,,12,netbeans
cv52132.xml,certification; found in certifications,,,,,,,,13,trello
cv52132.xml,certification; found in certifications,,,,,,,,14,river
cv52132.xml,certification; found in certifications,,,,,,,,15,prezi
cv52132.xml,certification; found in certifications,,,,,,,,16,power bi
cv52132.xml,certification; found in certifications,,,,,,,,17,brmodelo
cv52132.xml,certification; found in certifications,,,,,,,,18,mysql workbench
cv52132.xml,certification; found in certifications,,,,,,,,19,saiku
cv52132.xml,certification; found in certifications,,,,,,,,20,pentaho server
cv53048.xml,certification; matched to list,,,,,,,,1,rhce
cv53048.xml,certification; matched to list,,,,,,,,2,itil v3
cv53048.xml,certification; found in certifications,,,,,,,,3,oracle linux 6 certified implementation specialist  oracle
cv53048.xml,certification; found in certifications,,,,,,,,4,ocjp 6 programmer certified professional  oracle
cv53048.xml,certification; found in certifications,,,,,,,,5,rhcja  redhat
cv53048.xml,certification; found in certifications,,2018-04,,,,,,,
cv53048.xml,certification; found in certifications,,2018-05,,,,,,,
cv53048.xml,certification; found in certifications,,2013-04,,,,,,,
cv53048.xml,certification; found in certifications,,,,,,,,9,itil - foundation  exin
cv53048.xml,certification; found in certifications,,2010-05,,,,,,,
cv44255.xml,certification; found in certifications; matched to list,,,,,,,,1,pmp
cv44255.xml,certification; found in certifications; matched to list,,,,,,,,2,project management professional
cv44255.xml,certification; found in certifications; matched to list,,,,,,,,3,foundation certificate in it service management
cv44255.xml,certification; found in certifications; matched to list,,,,,,,,4,foundation certificate
cv44255.xml,certification; found in certifications; matched to list,,,,,,,,5,certificate in it service management
cv44255.xml,certification; found in certifications; matched to list,,,,,,,,6,certificate in it
cv44255.xml,certification; found in certifications,,,,,,,,,certified professional ocp dba oracle (2003)
cv44255.xml,certification; found in certifications,2017,,,,,,,,agile scrum foundation
cv44255.xml,certification; found in certifications,2016,,,,,,,,information security foundation based on iso/iec 27002
cv44255.xml,certification; found in certifications,2016,,,,,,,,green it citizen
cv43324.xml,certification; matched to list,,,,,,,,1,pmp
cv43324.xml,certification; matched to list,,,,,,,,2,project management professional
cv43324.xml,certification; matched to list,,,,,,,,3,certified scrum master
cv43324.xml,processamento de dados - ucb - universidade católica de brasília (1999). certificação: pmp - project management professional certification - pmi csm - certified scrum master - scrum alliance.,,,,,,,,4,project management professional certification
cv45664.xml,certification; matched to list,,,,,,,,1,certified tester
cv45664.xml,certification,,,,,,,,2,certificação scrum fundamentals certified
cv45664.xml,certification; found in certifications,,,,,,,,3,de auditoria   e processos
cv45664.xml,certification; found in certifications,,,,,,,,4,participação na certificação de projetos itil: pink elephant - it services
cv45664.xml,certification; found in certifications,,,,,,,,5,participação na certificação de auditoria de qualidade cmmi
cv45664.xml,certification; found in certifications,,,,,,,,6,participação na certificação de auditoria de qualidade iso 9001
cv47294.xml,certification; found in certifications,,,,,,,,1,70-433 - microsoft sql server 2008  database development
cv38194.xml,certification; found in certifications; matched to list,,,,,,,,1,certified tester
cv38194.xml,certification; found in certifications,,,,,,,,2,certified tester foundation level
cv38194.xml,certification; found in certifications,,,,,,,,3,3. conhecimentos extracurriculares
cv38194.xml,certification; found in certifications,,,,,,,,4,engenharia de software
cv38194.xml,certification; found in certifications,,,,,,,,5,uml
cv38194.xml,certification; found in certifications,,,,,,,,6,plataformas windows e linux
cv48176.xml,certification; found in certifications,,,,,,,,1,ctfl foundation level
cv44221.xml,certification; matched to list,,,,,,,,1,certified scrummaster
cv55781.xml,certification,,,,,,,,1,certificação scrum master (scrum aliance)  scrum fundamentals certified (scrumstudy)  ctfl
cv48013.xml,certification; found in certifications; matched to list,,,,,,,,1,certified tester
cv48013.xml,certification; found in certifications,,,,,,,,2,certified agile tester level
cv48013.xml,certification; found in certifications,,,,,,,,3,certified tester foundation level
cv48013.xml,certification; found in certifications,,,,,,,,4,ferramentas e conhecimentos
cv48013.xml,certification; found in certifications,,,,,,,,5,linguagens: xml  c#  java  sql  html  selenium webdriver
cv48013.xml,certification; found in certifications,,,,,,,,6,uml e técnicas de levantamento de requisitos  metodologias ágeis de gestão e desenvolvimento
cv48013.xml,certification; found in certifications,,,,,,,,7,plataformas jira  msts (tfs)  testelink  mantis
cv48013.xml,plataformas jira  msts (tfs)  testelink  mantis,,,,,,,,7,(tfs)
cv48013.xml,plataformas jira  msts (tfs)  testelink  mantis,,,,,,,,7,plataformas jira  msts
cv48013.xml,certification; found in certifications,,,,,,,,10,atividades recentes
cv48013.xml,certification; found in certifications,,,,,,,,11,execução  de  testes  baseados  em  especificações  (caixa-preta)  testes  estruturais  (caixa-branca)
cv48013.xml,execução  de  testes  baseados  em  especificações  (caixa-preta)  testes  estruturais  (caixa-branca),,,,,,,,11,(caixa-preta)
cv48013.xml,execução  de  testes  baseados  em  especificações  (caixa-preta)  testes  estruturais  (caixa-branca),,,,,,,,11,execução  de  testes  baseados  em  especificações
cv48013.xml,certification; found in certifications,,,,,,,,14,testes manuais e exploratórios
cv48013.xml,certification; found in certifications,,,,,,,,15,aplicações  de  diferentes  técnicas  de  testes  de  software  para  identificação  de  falhas  defeitos  e
cv48013.xml,certification; found in certifications,,,,,,,,16,entregas de qualidade
cv48013.xml,certification; found in certifications,,,,,,,,17,elaboração e execução de casos e planos de teste a partir de casos de uso  especificações técnicas
cv48013.xml,certification; found in certifications,,,,,,,,18,histórias de usuários e analistas de negócios
cv48013.xml,certification; found in certifications,,,,,,,,19,especificação e preparação de massa de teste e ambiente  manipulação em bancos de dados
cv48013.xml,certification; found in certifications,,,,,,,,20,gestão de ferramentas de armazenamento de documentação e gestão de testes de software como
cv48013.xml,certification; found in certifications,,,,,,,,21,casos de testes  planos de teste  falhas  acompanhamento de tarefa  especificações técnicas  faqs e
cv48013.xml,certification; found in certifications,,,,,,,,22,boletins
cv48013.xml,certification; found in certifications,,,,,,,,23,extração e análise de indicadores de qualidade
cv48013.xml,certification; found in certifications,,,,,,,,24,controle e monitoramento de progresso de testes e gerenciamento de incidentes
cv48013.xml,certification; found in certifications,,,,,,,,25,treinamentos e compartilhamento de conhecimento
cv48915.xml,certification; found in certifications; matched to list,,,,,,,,1,mcps
cv48915.xml,certification; found in certifications; matched to list,,,,,,,,2,microsoft certified professional
cv48915.xml,certification; found in certifications; matched to list,,,,,,,,3,microsoft certified
cv48915.xml,certification; found in certifications; matched to list,,,,,,,,4,mcsa
cv48915.xml,certification; found in certifications; matched to list,,,,,,,,5,mcsd
cv48915.xml,certification; found in certifications,,,,,,,,6,ms: microsoft specialist: programming in html5 with javascript and css3
cv48915.xml,certification; found in certifications,,,,,,,,7,mcsd: microsoft certifield solutions developer  - app builder
cv48915.xml,certification; found in certifications,,,,,,,,8,programming in html5 with javascript and css3
cv48915.xml,certification; found in certifications,,,,,,,,9,developing microsoft azure and web services
cv48915.xml,certification; found in certifications,,,,,,,,10,developing asp.net mvc web applications
cv43447.xml,certification; matched to list,,,,,,,,1,pmp
cv43447.xml,certification; matched to list,,,,,,,,2,project management professional
cv43447.xml,certification; matched to list,,,,,,,,3,itil certified
cv43447.xml,certification,,,,,,,,4,scrum master certified
cv54325.xml,certification; found in certifications,,,,,,,,1,websphere solution sales professional - ibm brasil
cv54325.xml,certification; found in certifications,,,,,,,,2,ibm websphere cast iron -  ibm brasil
cv54325.xml,certification; found in certifications,,,,,,,,3,microsoft sales & marketing portais e colaboração - microsoft brasil
cv54325.xml,certification; found in certifications,,,,,,,,4,microsoft sales & marketing portais virtualização - microsoft brasil
cv54325.xml,certification; found in certifications,,,,,,,,5,accredited sales professional - sap brasil
cv54325.xml,certification; found in certifications,,,,,,,,6,qualificação profissional de vendas - sap brasil
cv54325.xml,certification; found in certifications,,,,,,,,7,oracle sales champion - oracle do brasil
cv54325.xml,certification; found in certifications,,,,,,,,8,oracle database - oracle brasil
cv54325.xml,certification; found in certifications,,,,,,,,9,oracle goldengate - oracle brasil
cv54325.xml,certification; found in certifications,,,,,,,,10,oracle database 11g performance tuning - oracle brasil
cv54325.xml,certification; found in certifications,,,,,,,,11,oracle real application clusters - oracle brasil
cv54325.xml,certification; found in certifications,,,,,,,,12,oracle service-oriented architecture - oracle brasil
cv44194.xml,certification; found in certifications,,,,,,,,1,certificação scrum e pmp (em andamento)
cv44194.xml,certification; found in certifications; matched to list,,,,,,,,2,pmp
cv48699.xml,certification; found in certifications; matched to list,,,,,,,,1,mcp
cv48699.xml,certification; found in certifications; matched to list,,,,,,,,2,mcsa
cv48699.xml,certification; found in certifications,,,,,,,,3,microsoft id: 12682143
cv55006.xml,certification; matched to list,,,,,,,,1,ibm certified
cv55006.xml,certification,,2018-06,,,,,,,scrum fundamentals certified
cv55006.xml,certification,,2018-08,,,,,,,scrum master certified
cv43974.xml,certification; found in certifications; matched to list,,,,,,,,1,pmp
cv43974.xml,certification; matched to list,,,,,,,,2,cste
cv43974.xml,certification; found in certifications; matched to list,,,,,,,,3,project management professional
cv43974.xml,certification; found in certifications; matched to list,,,,,,,,4,certified tester
cv43974.xml,certification; found in certifications,,,,,,,,5,certified tester foundation level
cv43974.xml,certification; found in certifications,,,,,,,,6,certified tester advanced level
cv43974.xml,certification; found in certifications,,,,,,,,7,cpre - isqi certified professional for requirements engineering
cv43974.xml,certification; found in certifications,,,,,,,,8,ctfl - certified tester foundation level
cv49082.xml,certification,,,,,,,,1,scrum fundamental certified credential
cv43517.xml,certification; found in certifications,,,,2014,,,,,04/14 ctfl - certified tester foundation level - (14 - ctfl - 03184 - br)
cv43517.xml,certification; found in certifications; matched to list,,,,,,,,2,certified tester
cv38068.xml,certification; found in certifications; matched to list,,,,,,,,1,certified tester
cv38068.xml,certification; found in certifications,,,,,,,,2,ctfl certified tester foundation level
cv38068.xml,certification; found in certifications,,,,,,,,3,scrum fundamentals certified credential
cv42396.xml,certification; matched to list,,,,,,,,1,mcad
cv45529.xml,certification; matched to list,,,,,,,,1,certified scrum master
cv45529.xml,certification; matched to list,,,,,,,,2,certified tester
cv43994.xml,certification; matched to list,,,,,,,,1,pmp
cv44517.xml,certification; found in certifications,2017,,,,,,,,certificação de campuseiro campus party brasília       com 25 horas de conteúdo
cv44517.xml,certification; found in certifications,,,,,,,,2,sobre os temas ciência  criatividade  empreendedorismo e inovação
cv44517.xml,certification; found in certifications,,,,,,,,3,pretensão de exercer a função com profissionalismo  respeito  competência e aplicar em base de
cv44517.xml,certification; found in certifications,,,,,,,,4,minhas  experiências  e  meu  aprendizado  em  um  emprego  que  me  agregue  novos  conhecimentos  e  me
cv44517.xml,certification; found in certifications,,,,,,,,5,possibilite um crescimento profissional e pessoal
cv43325.xml,certification; found in certifications; matched to list,,,,,,,,1,pmp
cv43325.xml,certification; found in certifications; matched to list,,,,,,,,2,project management professional
cv43325.xml,certification; found in certifications; matched to list,,,,,,,,3,certified scrummaster
cv43325.xml,certification; matched to list,,,,,,,,4,rn
cv43325.xml,certification; found in certifications,,,,,,,,5,itil fundation v3
cv43325.xml,certification; found in certifications,,,,,,,,6,voluntariados
cv43325.xml,certification; found in certifications,,,,,,,,7,rotary club brasilia international: comissão de administração
cv43325.xml,certification; found in certifications,,,,,,,,8,pmi-df: diretoria de comunicação
cv43325.xml,certification; found in certifications,,,,,,,,9,tre-df: supervisora de transmissão eleitoral
cv34194.xml,certification; matched to list,,,,,,,,1,oracle certified professional
cv34194.xml,certification; matched to list,,,,,,,,2,oracle certified
cv48205.xml,certification; matched to list,,,,,,,,1,certified tester
cv2567.xml,certification; matched to list,,,,,,,,1,certified tester
cv48027.xml,certification; found in certifications,,,,,,,,1,ctfl foundation level
cv55173.xml,certification; matched to list,,,,,,,,1,microsoft certified technology specialist
cv55173.xml,certification; matched to list,,,,,,,,2,microsoft certified
cv55173.xml,certification; matched to list,,,,,,,,3,certified technology specialist
cv55173.xml,certification; matched to list,,,,,,,,4,certified technology
cv55173.xml,certification,,,,,,,,5,certified vmware sales professional
cv43369.xml,certification; matched to list,,,,,,,,1,pmp
cv43369.xml,certification; matched to list,,,,,,,,2,certificate in it service management
cv43369.xml,certification; matched to list,,,,,,,,3,certificate in it
cv43369.xml,certification; matched to list,,,,,,,,4,itil v3
cv43369.xml,certification,,,,,,,,5,certified professional for requirements
cv44881.xml,certification; matched to list,,,,,,,,1,certified scrum master
cv44112.xml,certification; found in certifications,,,,,,,,1,sql completo - (softblue)
cv44112.xml,sql completo - (softblue),,,,,,,,1,(softblue)
cv44112.xml,sql completo - (softblue),,,,,,,,1,sql completo -
cv44112.xml,certification; found in certifications,,,,,,,,4,criando domínios ricos ddd - (andré baltieri)
cv44112.xml,certification; found in certifications,,,,,,,,5,criando apis web com nodejs e mongodb - (andré baltieri)
cv44112.xml,certification; found in certifications,,,,,,,,6,criando aplicações escaláveis com arquiteturas modernas - (andré baltieri)
cv44112.xml,certification; found in certifications,,,,,,,,7,uma visão completa do asp.net mvc - (andré baltieri)
cv44112.xml,certification; found in certifications,,,,,,,,8,angularjs para desenvolvedores .net - (andré baltieri)
cv44112.xml,certification; found in certifications,,,,,,,,9,construindo front-end ricos com angularjs - (andré baltieri)
cv44112.xml,certification; found in certifications,,,,,,,,10,relacionamentos no entity framework - (andré baltieri)
cv44112.xml,certification; found in certifications,,,,,,,,11,fundamentos do entity framework 4 - (microsoft virtual academy)
cv44112.xml,certification; found in certifications,,,,,,,,12,asp.net mvc intermediário - (microsoft virtual academy)
cv44112.xml,certification; found in certifications,,,,,,,,13,fundamentos do c# com clean code - (microsoft virtual academy)
cv44112.xml,certification; found in certifications,,,,,,,,14,asp.net mvc 5 conceitos básicos - (microsoft virtual academy)
cv44225.xml,certification; found in certifications; matched to list,,,,,,,,1,mcps
cv44225.xml,certification; found in certifications; matched to list,,,,,,,,2,microsoft certified professional
cv44225.xml,certification; found in certifications; matched to list,,,,,,,,3,microsoft certified
cv44225.xml,certification; found in certifications,,,,,,,,4,mcts: .net framework 4  web applications
cv44059.xml,certification,,,,,,,,1,scrum fundamentals certified
cv24173.xml,certification; matched to list,,,,,,,,1,certified tester
cv24173.xml,certification,,,,,,,,2,ctfl
cv48646.xml,certification; matched to list,,,,,,,,1,foundation certificate
cv48646.xml,certification,,,,,,,,2,source certified professional v5.1
cv48646.xml,certification,,,,,,,,3,csirt foundation certificate
cv48646.xml,certification,,,,,,,,4,cybersecurity foundation certificate
cv48646.xml,certification,,,,,,,,5,ethical hacking essentials certificate
cv48646.xml,certification,,,,,,,,6,information security officer certificate
cv48646.xml,certification,,,,,,,,7,malware defense specialist certificate
cv53023.xml,certification; found in certifications,,,,,,,,1,1z0-803 java se 7 programmer i
cv53023.xml,certification; found in certifications,,,2014-12-04,,,2015-05-04,,,04/12/2014 - 04/05/2015
cv20075.xml,certification; matched to list,,,,,,,,1,pmp
cv51154.xml,certification; found in certifications; matched to list,,,,,,,,1,mcsd
cv51154.xml,certification; found in certifications; matched to list,,,,,,,,2,microsoft certified solution developer
cv51154.xml,certification; found in certifications; matched to list,,,,,,,,3,microsoft certified
cv51154.xml,certification; found in certifications; matched to list,,,,,,,,4,certified solution developer
cv51154.xml,certification; found in certifications; matched to list,,,,,,,,5,microsoft certified technology specialist
cv51154.xml,certification; found in certifications; matched to list,,,,,,,,6,certified technology specialist
cv51154.xml,certification; found in certifications; matched to list,,,,,,,,7,certified technology
cv45986.xml,certification; matched to list,,,,,,,,1,certified tester
cv54224.xml,certification; found in certifications; matched to list,,,,,,,,1,certified scrummaster
cv54224.xml,certification; found in certifications,,,,,,,,2,certified professional for requirements engineering
cv54224.xml,certification; found in certifications,,,,,,,,3,entidade certificadora: scrum alliance
cv54224.xml,certification; found in certifications,,,,,,,,4,entidade certificadora: international requirements engineering board - ireb
cv54224.xml,certification; found in certifications,,,,,,,,5,conhecimentos técnicos avançados
cv54224.xml,certification; found in certifications,,,,,,,,6,engenharia de requisitos; metodologia bpm; notação bpmn; unified markup language (uml); rational unified
cv54224.xml,engenharia de requisitos; metodologia bpm; notação bpmn; unified markup language (uml); rational unified,,,,,,,,6,(uml)
cv54224.xml,engenharia de requisitos; metodologia bpm; notação bpmn; unified markup language (uml); rational unified,,,,,,,,6,engenharia de requisitos; metodologia bpm; notação bpmn; unified markup language
cv54224.xml,certification; found in certifications,,,,,,,,9,process (rup); oracle; modelagem de dados; scrum; python; django; extreme programming (xp); html5
cv54224.xml,process (rup); oracle; modelagem de dados; scrum; python; django; extreme programming (xp); html5,,,,,,,,9,(rup)
cv54224.xml,process (rup); oracle; modelagem de dados; scrum; python; django; extreme programming (xp); html5,,,,,,,,9,process
cv54224.xml,certification; found in certifications,,,,,,,,12,css3  javascript; jquery; design de interação (ixd); experiência do usuário (ux); usabilidade; arquitetura da
cv54224.xml,css3  javascript; jquery; design de interação (ixd); experiência do usuário (ux); usabilidade; arquitetura da,,,,,,,,12,(ixd)
cv54224.xml,css3  javascript; jquery; design de interação (ixd); experiência do usuário (ux); usabilidade; arquitetura da,,,,,,,,12,css3  javascript; jquery; design de interação
cv54224.xml,certification; found in certifications,,,,,,,,15,informação (ai); test driven development (tdd); behavior driven development (bdd); feature driven development
cv54224.xml,informação (ai); test driven development (tdd); behavior driven development (bdd); feature driven development,,,,,,,,15,(ai)
cv54224.xml,informação (ai); test driven development (tdd); behavior driven development (bdd); feature driven development,,,,,,,,15,informação
cv54224.xml,certification; found in certifications,,,,,,,,18,(fdd); ruby; ruby on rails; node.js; xml (extensible markup language); linux
cv54224.xml,(fdd); ruby; ruby on rails; node.js; xml (extensible markup language); linux,,,,,,,,18,(fdd)
cv54224.xml,certification; found in certifications,,,,,,,,20,para maiores informações sobre meu histórico profissional completo  acesse http://linkedin.com/in/christophermoura
cv49830.xml,certification; matched to list,,,,,,,,1,certified scrum master
cv49830.xml,certification; matched to list,,,,,,,,2,pmp
cv49830.xml,certification,,,,,,,,3,treinamento certified scrum product owner (cspo)
cv49830.xml,treinamento certified scrum product owner (cspo),,,,,,,,3,(cspo)
cv49830.xml,treinamento certified scrum product owner (cspo),,,,,,,,3,treinamento certified scrum product owner
cv49830.xml,certification; found in certifications,,,,,,,,6,certificação scrum master - csm
cv49830.xml,certification; found in certifications,,,,,,,,7,certificação scrum product owner - cspo
cv49830.xml,certification; found in certifications,,,,,,,,8,certificação management 3.0 attendance
cv49830.xml,certification; found in certifications,,,,,,,,9,itil® foundation v3
cv44178.xml,certification; found in certifications; matched to list,,,,,,,,1,pmp
cv44178.xml,certification; found in certifications,2016,,,,,,,,psm®  professional scrum master (scrum.org)
cv44178.xml,certification; found in certifications,,,,,,,,3,competências
cv44178.xml,certification; found in certifications,,,,,,,,4,experiência em projetos nas plataformas mobile  android e ios  seguindo o framework scrum tendo atuado como scrum master
cv44178.xml,certification; found in certifications,,,,,,,,5,configuração e utilização da ferramenta jira agile para acompanhamento e geração de dashboard  sprint e releases
cv44178.xml,certification; found in certifications,,,,,,,,6,atuação como scrum master(sm) e coaching em times scrum's e condução nas reuniões de cerimônias do scrum (sprint  planning  review  retropesctive e daily meeting)  elaboração de product backlog e indicadores (gráfico de burndown de sprint e release)
cv44178.xml,atuação como scrum master(sm) e coaching em times scrum's e condução nas reuniões de cerimônias do scrum (sprint  planning  review  retropesctive e daily meeting)  elaboração de product backlog e indicadores (gráfico de burndown de sprint e release),,,,,,,,6,(sm)
cv44178.xml,atuação como scrum master(sm) e coaching em times scrum's e condução nas reuniões de cerimônias do scrum (sprint  planning  review  retropesctive e daily meeting)  elaboração de product backlog e indicadores (gráfico de burndown de sprint e release),,,,,,,,6,atuação como scrum master
cv44178.xml,certification; found in certifications,,,,,,,,9,coaching em product owner quanto ao seu papel dentro do scrum além de auxiliar na confecção de user stories(usando técnicas do lean  refinamento e management) e sua priorização no product backlog
cv44178.xml,certification; found in certifications,,,,,,,,10,experiência na formação de times de desenvolvimento multidisciplinares auxiliando em sua auto-organização  planning meeting (usando scrum pooker)  criação do sprint backlog  confecção e acompanhamento do scrum board e gráfico sw burndown
cv44178.xml,certification; found in certifications,,,,,,,,11,experiência na implantação e coaching do framework scrum nos ramos bancários  seguros e telecom
cv44178.xml,certification; found in certifications,,,,,,,,12,participação em reuniões executivas elaborando e apresentando relatórios de acompanhamento de projetos
cv44178.xml,certification; found in certifications,,,,,,,,13,relacionamento com cliente para gestão da entrega do serviço. gestão da tecnologia da informação como recurso de vantagem competitiva do negócio  integrando processos  tecnologia e pessoas
cv43134.xml,certification; matched to list,,,,,,,,1,itil v3
cv49350.xml,certification; matched to list,,,,,,,,1,microsoft certified solutions developer
cv49350.xml,certification; matched to list,,,,,,,,2,microsoft certified
cv49350.xml,certification; matched to list,,,,,,,,3,certified solutions developer
cv55737.xml,certification; found in certifications; matched to list,,,,,,,,1,pmp
cv55737.xml,certification; found in certifications; matched to list,,,,,,,,2,project management professional
cv55737.xml,certification; found in certifications,,,,,,,,3,certificado scrum master - professional scrum master i: psm-i
cv48265.xml,certification; found in certifications; matched to list,,,,,,,,1,ncda
cv48265.xml,certification; matched to list,,,,,,,,2,ccna
cv48265.xml,certification; found in certifications,,,,,,,,3,scsp (snia certified storage professional)
cv48265.xml,certification; found in certifications,,,,,,,,4,nasp (network associet sales professional)
cv48265.xml,certification; found in certifications,,,,,,,,5,itil foundation
cv43358.xml,certification; found in certifications,,,,,,,,1,java: sun certified programmer for java 2 platform 1.4 (cx-310-035)
cv43358.xml,java: sun certified programmer for java 2 platform 1.4 (cx-310-035),,,,,,,,1,(cx-310-035)
cv43358.xml,java: sun certified programmer for java 2 platform 1.4 (cx-310-035),,,,,,,,1,java: sun certified programmer for java 2 platform 1.4
cv43358.xml,certification; matched to list,,,,,,,,4,itil v3
cv43358.xml,certification; found in certifications; matched to list,,,,,,,,5,sun certified programmer
cv43358.xml,certification; found in certifications; matched to list,,,,,,,,6,sun certified
cv43358.xml,certification; found in certifications; matched to list,,,,,,,,7,certified programmer
cv51690.xml,certification; matched to list,,,,,,,,1,mct
cv53153.xml,certification; matched to list,,,,,,,,1,itil v3
cv53153.xml,certification; matched to list,,,,,,,,2,pmp
cv48381.xml,certification; found in certifications,,,,,,,,1,certificado itil foundation 3. certificate number 02342746-01-jyqd candidate 2000298265
cv48381.xml,certification; found in certifications,,,,,,,,2,capacitações
cv48381.xml,certification; found in certifications,,,,,,,,3,etb - escola técnica de brasília - curso banco de dados mysql
cv48381.xml,certification; found in certifications,,,,,,,,4,senai - curso de php
cv48381.xml,certification; found in certifications,,,,,,,,5,xxxx - java para web com hibernate e struts 2
cv48381.xml,certification; found in certifications,,,,,,,,6,ti exames - curso scrum
cv48381.xml,certification; found in certifications,,,,,,,,7,ti exames - teste foundation
cv48381.xml,certification; found in certifications,,,,,,,,8,alura - java avançado  jsp e servlets
cv48381.xml,certification; found in certifications,,,,,,,,9,fundaçâo bradesco - curso html básico e avançado
cv48381.xml,certification; found in certifications,,,,,,,,10,fundaçâo bradesco - curso css
cv56254.xml,certification; found in certifications,,,,,,,,1,certics - avaliador
cv56254.xml,certification; found in certifications,,,,,,,,2,csm - scrum master - scrum alliance
cv56254.xml,certification; found in certifications,,,,,,,,3,cspo - product owner - scrum alliance
cv56254.xml,certification; found in certifications,,,,,,,,4,qualificações e cursos complementares
cv43328.xml,certification; found in certifications; matched to list,,,,,,,,1,certified scrum master
cv43328.xml,certification; found in certifications,,,,,,,,2,certified scrum master (csm)
cv43328.xml,certified scrum master (csm),,,,,,,,2,(csm)
cv43328.xml,certified scrum master (csm),,,,,,,,2,certified scrum master
cv43328.xml,certification; found in certifications,,,,,,,,5,rational unified process (rup) 7.0 - ibm
cv43328.xml,rational unified process (rup) 7.0 - ibm,,,,,,,,5,(rup)
cv43328.xml,rational unified process (rup) 7.0 - ibm,,,,,,,,5,rational unified process
cv43328.xml,certification; found in certifications,,,,,,,,8,perfil e conhecimentos
cv43328.xml,certification; found in certifications,,,,,,,,9,qualidades mais marcantes: proatividade  excelente relação interpessoal  organização  alta
cv43328.xml,certification; found in certifications,,,,,,,,10,capacidade de comunicação e de abstração
cv43328.xml,certification; found in certifications,,,,,,,,11,ferramentas: axure  astah  bizagi  enterprise  architect  star uml  sketching  power
cv43328.xml,certification; found in certifications,,,,,,,,12,designer  tortoise svn  ms project
cv43328.xml,certification; found in certifications,,,,,,,,13,artefatos da  uml  unified modeling language  uml
cv43328.xml,certification; found in certifications,,,,,,,,14,engenharia de software  rup  rational  unified process - ibm
cv43328.xml,certification; found in certifications,,,,,,,,15,método ágil scrum - scrum master
cv43328.xml,certification; found in certifications,,,,,,,,16,liderança de projetos
cv43328.xml,certification; found in certifications,,,,,,,,17,banco de dados  oracle   (builder: forms/ reports)/  pl/sql
cv43328.xml,certification; found in certifications,,,,,,,,18,inglês (avançado)
cv43328.xml,inglês (avançado),,,,,,,,18,(avançado)
cv43328.xml,inglês (avançado),,,,,,,,18,inglês
cv52213.xml,certification; found in certifications,,,,,,,,1,certified professional for
cv52213.xml,certification; found in certifications,,,,,,,,2,gerenciamento de arquivos e repositórios utilizando tortoise svn e git
cv52213.xml,certification; found in certifications,,,,,,,,3,elaboração de views para de relatórios em sql e smart reporting
cv52213.xml,certification; found in certifications,,,,,,,,4,requirements engineering
cv52213.xml,certification; found in certifications,,,,,,,,5,fábrica de software universidade de brasília fga-df board ireb
cv52213.xml,certification; found in certifications,,,,,2016-02,,2017-05,,r 02/2016 - 05/2017 + brasília - df
cv52213.xml,certification; found in certifications,,,,,,,,7,gerenciamento das atividades de desenvolvimento de sistemas utilizando
cv52213.xml,certification; found in certifications,,,,,,,,8,scm - scrum master
cv52213.xml,certification; found in certifications,,,,,,,,9,a metodologia ágil scrum scrum alliance
cv52213.xml,certification; found in certifications,,,,,,,,10,utilização de técnicas de brainstorning e workshops para levantamento de
cv52213.xml,certification; found in certifications,,,,,,,,11,requisitos
cv52213.xml,certification; found in certifications,,,,,,,,12,gerenciamento de requisitos utilizando conceitos rmuc cursos
cv52213.xml,certification; found in certifications,,,,,,,,13,utilizando enterprise architect
cv52213.xml,certification; found in certifications,,,,,,,,14,modelagem de processos - bpmn
cv52213.xml,certification; found in certifications,,,,,,,,15,modelagem de processo utilizando bpm e bizagi process modeler
cv52213.xml,certification; found in certifications,,,,,,,,16,gerenciamento de demandas utilizando o tfs
cv52213.xml,certification; found in certifications,,,,,,,,17,oracle db 11g sql 2.0 - kasolution
cv52213.xml,certification; found in certifications,,,,,,,,18,gerenciamento de testes utilizando o tfs
cv52213.xml,certification; found in certifications,,,,,,,,19,gerenciamento e configuração de mudança utilizando git e svn análise e projeto de sistemas com rup e
cv52213.xml,certification; found in certifications,,,,,,,,20,elaboração e atualização de cronogramas de atividades dos projetos
cv52213.xml,certification; found in certifications,,,,,,,,21,uml
cv52213.xml,certification; found in certifications,,,,,,,,22,utilizando o project
cv51385.xml,certification; matched to list,,,,,,,,1,oracle certified associate
cv51385.xml,certification; matched to list,,,,,,,,2,oracle certified
cv51385.xml,certification; matched to list,,,,,,,,3,certified associate
cv44082.xml,certification; found in certifications; matched to list,,,,,,,,1,certified scrum master
cv44082.xml,certification; found in certifications; matched to list,,,,,,,,2,certified specialist
cv44082.xml,certification; matched to list,,,,,,,,3,pmp
cv44082.xml,certification; matched to list,,,,,,,,4,certified scrummaster
cv44082.xml,certification; found in certifications,,,,,,,,5,csm certified scrum master
cv44082.xml,certification; found in certifications,,,,,,,,6,certified solution designer
cv44082.xml,certification; found in certifications,,,,,,,,7,cobit foundations v4.1 - isaca
cv44082.xml,certification; found in certifications,,,,,,,,8,itil foundations v3 - exin
cv47938.xml,certification; found in certifications,,,,,,,,1,scrum fundamentals certified credential
cv44334.xml,certification; found in certifications,2012,,,,,,,,cobit foudation exam
cv44334.xml,certification; found in certifications,2011,,,,,,,,rup - rational unified process v.7.0
cv44334.xml,certification; found in certifications,2008,,,,,,,,itil foudation (it service management) v.2.0
cv41240.xml,certification; matched to list,,,,,,,,1,itil v3
cv48760.xml,certification; found in certifications; matched to list,,,,,,,,1,ccna
cv48760.xml,certification; matched to list,,,,,,,,2,itil v3
cv48760.xml,certification; matched to list,,,,,,,,3,ccnp
cv48760.xml,certification; matched to list,,,,,,,,4,cisco certified network associate
cv48760.xml,certification; matched to list,,,,,,,,5,cisco certified network
cv48760.xml,certification; matched to list,,,,,,,,6,cisco certified
cv48760.xml,certification; matched to list,,,,,,,,7,certified network associate
cv48760.xml,certification; found in certifications,,,,,,,,8,aruba certified wireless administrator
cv48760.xml,certification; found in certifications,,,,,,,,9,aerohive certified wireless administrator
cv48760.xml,certification; found in certifications,,,,,,,,10,comptia
cv48760.xml,certification; found in certifications,,,,,,,,11,enterasys
cv48760.xml,certification; found in certifications,,,,,,,,12,enterasys routing specialist
cv48760.xml,certification; found in certifications,,,,,,,,13,enterasys switching nms specialist
cv48760.xml,certification; found in certifications,,,,,,,,14,aruba
cv48760.xml,certification; found in certifications,,,,,,,,15,mcafee
cv48760.xml,certification; found in certifications,,,,,,,,16,network defense technical professional
cv48760.xml,certification; found in certifications,,,,,,,,17,aerohive
cv48760.xml,certification; found in certifications,,,,,,,,18,cisco systems
cv48760.xml,certification; found in certifications,,,,,,,,19,cisco ccai cisco id: 5148967ccna
cv43064.xml,certification; found in certifications,,,,,,,,1,certified uml professional
cv43064.xml,certification; found in certifications,,,,,,,,2,ibm rational - specialist for rational unified process 7.0 - rup
cv43064.xml,certification; found in certifications,,,,,,,,3,cpre-fl - engenharia de requisitos
cv35152.xml,certification; found in certifications; matched to list,,,,,,,,1,pmp
cv35152.xml,certification; found in certifications; matched to list,,,,,,,,2,project management professional
cv35152.xml,certification; found in certifications,,,,,,,,3,certified business process professional (bpmn)
cv35152.xml,certified business process professional (bpmn),,,,,,,,3,(bpmn)
cv35152.xml,certified business process professional (bpmn),,,,,,,,3,certified business process professional
cv35152.xml,certification; found in certifications,,,,,,,,6,3. rup -  especialist of rational unified process
cv35152.xml,certification; found in certifications,,,,,,,,7,4. csm -  scrum master
cv35152.xml,certification; found in certifications,,,,,,,,8,5. itil   -  itil foundation
cv35152.xml,certification; found in certifications,,,,,,,,9,6. auditor líder iso -  bvqi
cv35152.xml,certification; found in certifications,,,,,,,,10,7. implementadora mps br
cv54561.xml,certification; matched to list,,,,,,,,1,sun certified java programmer
cv54561.xml,certification; matched to list,,,,,,,,2,sun certified java
cv54561.xml,certification; matched to list,,,,,,,,3,sun certified
cv54561.xml,certification; matched to list,,,,,,,,4,certified java programmer
cv54561.xml,certification; matched to list,,,,,,,,5,certified java
cv54561.xml,certification,,,,,,,,6,sun certified web component
cv54561.xml,certification,,,,,,,,7,sun certified business component
cv48549.xml,certification; found in certifications,,2017-10,,,,,,,curso desenvolvimento web com html  css e javascript (concluído em    ~~~~~~~~~~  ) caelum
cv48549.xml,certification; found in certifications,,2011-03,,,,,,,curso de programação c# - visual studio 2008 (concluído em    ~~~~~~~~  ) ka solution
cv48549.xml,certification; found in certifications,,,,2006,,,2007-09,,curso customizado borland developer studio 2006 (concluído em setembro de 2007) tds tecnologia
cv48549.xml,certification; found in certifications,,2006-09,,,,,,,certificação completa dba oracle 10g (concluído em    ~~~~~~~~~~~  ) treinamento ibta
cv48549.xml,certification; found in certifications,,2006-04,,,,,,,curso customizado em .net (concluído em    ~~~~~~~~  ) gsn global site network
cv48549.xml,certification; found in certifications,,,,,,,,6,curso em delphi 4 com banco de dados oracle 8 (concluído em novembro de 1999) tekno software
cv55591.xml,certification,,,,,,,,1,certified scrum developer (csd)
cv55591.xml,certified scrum developer (csd),,,,,,,,1,(csd)
cv55591.xml,certified scrum developer (csd),,,,,,,,1,certified scrum developer
cv44738.xml,certification; matched to list,,,,,,,,1,pmp
cv45128.xml,certification; matched to list,,,,,,,,1,toeic
cv50476.xml,certification,,,,,,,,1,scrum certified product owner
cv49382.xml,certification; found in certifications; matched to list,,,,,,,,1,certified technology specialist
cv49382.xml,certification; found in certifications; matched to list,,,,,,,,2,certified technology
cv49382.xml,certification; found in certifications; matched to list,,,,,,,,3,certified database administrator
cv49382.xml,certification; found in certifications,,,,,,,,4,microsoft® certified technology specialist
cv49382.xml,certification; found in certifications,,,,,,,,5,microsoft® certified database administrator on microsoft sql server® 2000
cv49382.xml,certification; found in certifications,2011,,,,,,,,microsoft® certified technology specialist: .net framework 4  web applications
cv49203.xml,certification; matched to list,,,,,,,,1,ccna
cv49203.xml,certification; matched to list,,,,,,,,2,ccnp
cv49203.xml,certification; matched to list,,,,,,,,3,sun certified network administrator
cv49203.xml,certification; matched to list,,,,,,,,4,sun certified
cv49203.xml,certification; matched to list,,,,,,,,5,certified network administrator
cv38840.xml,certification; found in certifications,,,,,,,,1,scrum fundamentals certified (sfc)
cv38840.xml,scrum fundamentals certified (sfc),,,,,,,,1,(sfc)
cv38840.xml,scrum fundamentals certified (sfc),,,,,,,,1,scrum fundamentals certified
cv38840.xml,certification; found in certifications,,,,,,,,4,cpre-fl ireb - abramti
cv38840.xml,certification; found in certifications,,,,,,,,5,ctfl - bstqb
cv38840.xml,certification; found in certifications,,,,,,,,6,scrum master fundation - scrum.as
cv38840.xml,certification; found in certifications,,,,,,,,7,six sigma (white belt)
cv38840.xml,certification; found in certifications,,,,,,,,8,six sigma (yellow belt)
cv43336.xml,certification; found in certifications; matched to list,,,,,,,,1,certified scrummaster
cv43336.xml,certification; found in certifications,,,,,,,,2,certified scrum product owner
cv43336.xml,certification; found in certifications,,,,,,,,3,slac sociedade latino americana de coaching 120h
cv43336.xml,certification; found in certifications,,,,,,,,4,scrum alliance
cv43336.xml,certification; found in certifications,,2018-04,,,,,,,2/2
cv52476.xml,certification; matched to list,,,,,,,,1,certified scrummaster
cv52476.xml,certification; matched to list,,,,,,,,2,ibm certified
cv55767.xml,certification; matched to list,,,,,,,,1,foundation certificate
cv55767.xml,certification; matched to list,,,,,,,,2,certificate in it
cv55417.xml,certification; found in certifications; matched to list,,,,,,,,1,mcsd
cv44224.xml,certification; matched to list,,,,,,,,1,mcp
cv43689.xml,certification; matched to list,,,,,,,,1,certified scrum master
cv47719.xml,certification; found in certifications; matched to list,,,,,,,,1,ibm certified specialist
cv47719.xml,certification; found in certifications; matched to list,,,,,,,,2,ibm certified
cv47719.xml,certification; found in certifications; matched to list,,,,,,,,3,certified specialist
cv47719.xml,certification; found in certifications,,,,,,,,4,ibm certified solution designer
cv48808.xml,certification; matched to list,,,,,,,,1,ccna
cv52935.xml,certification; matched to list,,,,,,,,1,rn
cv49106.xml,license,,,,,,,,,programação delphi básico/avançado
cv49106.xml,license,,,,,,,,,fevereiro de 1997 a março de 1997
cv49106.xml,license,,,,,,,,,wincomp informática ltda
cv49106.xml,license,,,,,,,,,48 horas
cv49106.xml,license,,,,,,,,,processamento de dados
cv49106.xml,license,,,,,,,,,julho de 1989 a outubro de 1989
cv49106.xml,license,,,,,,,,,digi-news sistemas e informática ltda
cv49106.xml,license,,,,,,,,,58 horas
cv49106.xml,license,,,,,,,,,aux. adm. finanças
cv49106.xml,license,,,,,,,,,novembro de 2000 a dezembro de 2000
cv49106.xml,license,,,,,,,,,s.e.r.t. de sp e com s.t.i.c.v. de guarulhos
cv49106.xml,license,,,,,,,,,70 horas
cv49106.xml,license,,,,,,,,,orientação para o crédito
cv49106.xml,license,,,,,,,,,maio de 2001 a maio de 2001
cv49106.xml,license,,,,,,,,,sebrae-sp escritório regional guarulhos
cv49106.xml,license,,,,,,,,,16 horas
cv49106.xml,license,,,,,,,,,datilografia
cv49106.xml,license,,,,,,,,,março de 1992 a maio de 1992
cv49106.xml,license,,,,,,,,,datilografia fantástico
cv49106.xml,license,,,,,,,,,2 meses
cv48023.xml,certification; matched to list,,,,,,,,1,itil foundation certificate
cv48023.xml,certification; matched to list,,,,,,,,2,foundation certificate
