_language_comments,_language_languagecode,_language_read,_language_speak,_language_write,id
 ingls- intermedirio,en,true,true,true,cv42755.xml
[resume_language],pt,true,true,true,cv42755.xml
[resume_language],pt,true,true,true,cv42167.xml
[resume_language],pt,true,true,true,cv39549.xml
[resume_language],pt,true,true,true,cv42652.xml
[resume_language],pt,true,true,true,cv42306.xml
[resume_language],pt,true,true,true,cv39597.xml
ingls	bsico	bsico	bsico,en,false,true,false,cv44315.xml
espanhol intermedirio intermedirio bsico,es,true,true,true,cv44315.xml
[resume_language],pt,true,true,true,cv44315.xml
[resume_language],pt,true,true,true,cv43878.xml
 espanhol e ingls (leitura).,es,false,true,false,cv44034.xml
 espanhol e ingls (leitura).,en,false,true,false,cv44034.xml
[resume_language],pt,true,true,true,cv44034.xml
ingls - nvel bsico/intermedirio.,en,true,true,true,cv40052.xml
[resume_language],pt,true,true,true,cv40052.xml
[resume_language],pt,true,true,true,cv43380.xml
[resume_language],pt,true,true,true,cv44594.xml
[resume_language],pt,true,true,true,cv44396.xml
[resume_language],pt,true,true,true,cv6499.xml
[resume_language],pt,true,true,true,cv45305.xml
 ingls nvel fluente com certificaes,en,true,true,true,cv41133.xml
 espanhol intermedirio.,es,true,true,true,cv41133.xml
[resume_language],pt,true,true,true,cv41133.xml
 idioma: ingls (avanado),en,false,true,false,cv43514.xml
 idioma: espanhol (avanado),es,false,true,false,cv43514.xml
 idioma: italiano (avanado),it,false,true,false,cv43514.xml
[resume_language],pt,true,true,true,cv43514.xml
[resume_language],pt,true,true,true,cv39540.xml
[resume_language],pt,true,true,true,cv45478.xml
ingls: compreenso  leitura e escrita,en,true,true,true,cv41570.xml
[resume_language],pt,true,true,true,cv41570.xml
[resume_language],pt,true,true,true,cv42137.xml
 ingls intermedirio.,en,true,true,true,cv43149.xml
[resume_language],pt,true,true,true,cv43149.xml
[resume_language],pt,true,true,true,cv45620.xml
[resume_language],pt,true,true,true,cv45210.xml
 ingls - avanado.,en,false,true,false,cv45252.xml
 espanhol - fluente nativo.,es,true,true,true,cv45252.xml
[resume_language],pt,true,true,true,cv45252.xml
[resume_language],pt,true,true,true,cv44687.xml
[resume_language],pt,true,true,true,cv44925.xml
[resume_language],pt,true,true,true,cv45514.xml
ingls: intermedirio (escrita  leitura e,en,true,true,true,cv44952.xml
[resume_language],pt,true,true,true,cv44952.xml
fevereiro/2008 - setembro/2009	ingls - intermedirio,en,true,true,true,cv43530.xml
[resume_language],pt,true,true,true,cv43530.xml
 ingls - intermedirio;,en,true,true,true,cv45420.xml
[resume_language],pt,true,true,true,cv45420.xml
[resume_language],pt,true,true,true,cv39517.xml
[resume_language],pt,true,true,true,cv44959.xml
[resume_language],pt,true,true,true,cv44459.xml
- ingls fluente  espanhol intermedirio.,en,true,true,true,cv44055.xml
- ingls fluente  espanhol intermedirio.,es,true,true,true,cv44055.xml
[resume_language],pt,true,true,true,cv44055.xml
[resume_language],pt,true,true,true,cv45785.xml
 ingls: nvel intermedirio	.,en,true,true,true,cv43148.xml
espanhol: bsico.,es,false,true,false,cv43148.xml
[resume_language],pt,true,true,true,cv43148.xml
ingls - bsico,en,false,true,false,cv45239.xml
espanhol - intermedirio,es,true,true,true,cv45239.xml
[resume_language],pt,true,true,true,cv45239.xml
[resume_language],pt,true,true,true,cv42896.xml
[resume_language],pt,true,true,true,cv43093.xml
espanhol: bsico  ingls  cna -,es,false,true,false,cv44250.xml
espanhol: bsico  ingls  cna - idiomas -intermedirio,en,true,true,true,cv44250.xml
[resume_language],pt,true,true,true,cv44250.xml
espanhol  ingls e portugus.,es,false,true,false,cv43525.xml
espanhol  ingls e portugus.,en,false,true,false,cv43525.xml
espanhol  ingls e portugus.,pt,false,true,false,cv43525.xml
[resume_language],pt,true,true,true,cv39921.xml
[resume_language],pt,true,true,true,cv2567.xml
[resume_language],pt,true,true,true,cv42639.xml
[resume_language],pt,true,true,true,cv45550.xml
[resume_language],pt,true,true,true,cv42934.xml
[resume_language],pt,true,true,true,cv45392.xml
[resume_language],pt,true,true,true,cv45477.xml
[resume_language],pt,true,true,true,cv42843.xml
[resume_language],pt,true,true,true,cv42521.xml
[resume_language],pt,true,true,true,cv39600.xml
[resume_language],pt,true,true,true,cv42962.xml
[resume_language],pt,true,true,true,cv39508.xml
 ingls - intermedirio - centro,en,true,true,true,cv42370.xml
[resume_language],pt,true,true,true,cv42370.xml
ingls - nivel:intermediate - produz,en,false,true,false,cv44667.xml
espanhol - nivel: intermediate -,es,false,true,false,cv44667.xml
[resume_language],pt,true,true,true,cv44667.xml
* ingls fluente (leitura  escrita  conversao).,en,true,true,true,cv43959.xml
* espanhol intermedirio (leitura e conversao),es,true,true,true,cv43959.xml
[resume_language],pt,true,true,true,cv43959.xml
[resume_language],pt,true,true,true,cv40197.xml
ingls - avanado,en,false,true,false,cv43498.xml
alemo - intermedirio,de,true,true,true,cv43498.xml
[resume_language],pt,true,true,true,cv43498.xml
[resume_language],pt,true,true,true,cv40707.xml
[resume_language],pt,true,true,true,cv45156.xml
[resume_language],pt,true,true,true,cv42606.xml
 ingls intermedirio,en,true,true,true,cv44204.xml
[resume_language],pt,true,true,true,cv44204.xml
[resume_language],pt,true,true,true,cv39621.xml
[resume_language],pt,true,true,true,cv43572.xml
portuguese - native english -,pt,true,true,true,cv40485.xml
portuguese - native english - advanced,en,true,true,true,cv40485.xml
ingls fluente para leitura e,en,true,true,true,cv44243.xml
[resume_language],pt,true,true,true,cv44243.xml
 ingls - intermedirio,en,true,true,true,cv45529.xml
[resume_language],pt,true,true,true,cv45529.xml
[resume_language],pt,true,true,true,cv43500.xml
[resume_language],pt,true,true,true,cv41592.xml
[resume_language],pt,true,true,true,cv39530.xml
ingls - bsico,en,false,true,false,cv42308.xml
espanhol - bsico,es,false,true,false,cv42308.xml
[resume_language],pt,true,true,true,cv42308.xml
[resume_language],pt,true,true,true,cv39533.xml
 ingls - bom para escrita ,en,true,true,true,cv42699.xml
 espanhol - bsico para escrita ,es,true,true,true,cv42699.xml
[resume_language],pt,true,true,true,cv42699.xml
[resume_language],pt,true,true,true,cv44797.xml
[resume_language],pt,true,true,true,cv45676.xml
 ingls - nvel pr-intermedirio	-,en,true,true,true,cv44634.xml
ingls - nvel pr-intermedirio	-	espanhol - nvel tcnico,es,false,true,false,cv44634.xml
[resume_language],pt,true,true,true,cv44634.xml
[resume_language],pt,true,true,true,cv2574.xml
ingls - avanado,en,false,true,false,cv42833.xml
francs - bsico,fr,false,true,false,cv42833.xml
[resume_language],pt,true,true,true,cv42833.xml
ingls bsico.,en,false,true,false,cv42771.xml
[resume_language],pt,true,true,true,cv42771.xml
ingls,en,false,true,false,cv42473.xml
[resume_language],pt,true,true,true,cv42473.xml
[resume_language],pt,true,true,true,cv42156.xml
a) proficincia em espanhol (ministerio de educacin y,es,false,true,false,cv35134.xml
b) ingls (leitura / traduo),en,false,true,false,cv35134.xml
[resume_language],pt,true,true,true,cv35134.xml
[resume_language],pt,true,true,true,cv43269.xml
[resume_language],pt,true,true,true,cv45883.xml
[resume_language],pt,true,true,true,cv45656.xml
[resume_language],pt,true,true,true,cv39451.xml
ingls intermedirio,en,true,true,true,cv42227.xml
[resume_language],pt,true,true,true,cv42227.xml
english full professional pro ciency,en,false,true,false,cv43508.xml
portuguese native or bilingual	projects,pt,true,true,true,cv43508.xml
[resume_language],pt,true,true,true,cv43209.xml
 ingls fluente  experincia morando fora [and]  ingls fluente para escrita e,en,true,true,true,cv45110.xml
[resume_language],pt,true,true,true,cv45110.xml
[resume_language],pt,true,true,true,cv44574.xml
 ingls: intermedirio.,en,true,true,true,cv43134.xml
francs: intermedirio.,fr,true,true,true,cv43134.xml
[resume_language],pt,true,true,true,cv43134.xml
[resume_language],pt,true,true,true,cv45219.xml
[resume_language],pt,true,true,true,cv43851.xml
[resume_language],pt,true,true,true,cv21862.xml
[resume_language],en,true,true,true,cv39525.xml
[resume_language],pt,true,true,true,cv42577.xml
 ingls: nvel intermedirio - curso,en,true,true,true,cv42688.xml
 espanhol: nvel intermedirio - curso,es,true,true,true,cv42688.xml
 francs: nvel intermedirio - curso,fr,true,true,true,cv42688.xml
[resume_language],pt,true,true,true,cv42688.xml
ingls bsico,en,false,true,false,cv42563.xml
[resume_language],pt,true,true,true,cv42563.xml
[resume_language],pt,true,true,true,cv42149.xml
[resume_language],pt,true,true,true,cv42355.xml
ingls - intermedirio e espanhol,en,true,true,true,cv44211.xml
ingls - intermedirio e espanhol - intermedirio.,es,true,true,true,cv44211.xml
[resume_language],pt,true,true,true,cv44211.xml
[resume_language],pt,true,true,true,cv39591.xml
 ingls e espanhol - intermedirio,en,true,true,true,cv42117.xml
 ingls e espanhol - intermedirio,es,true,true,true,cv42117.xml
[resume_language],pt,true,true,true,cv42117.xml
 ingls: redao  leitura e conversao,en,false,true,false,cv45082.xml
 espanhol: redao  leitura e conversao,es,false,true,false,cv45082.xml
[resume_language],pt,true,true,true,cv45082.xml
[resume_language],pt,true,true,true,cv44760.xml
2013 - atual ingls - intermedirio,en,true,true,true,cv41379.xml
[resume_language],pt,true,true,true,cv41379.xml
[resume_language],pt,true,true,true,cv43492.xml
[resume_language],pt,true,true,true,cv44985.xml
[resume_language],pt,true,true,true,cv42522.xml
ingls (nvel avanado).,en,false,true,false,cv43356.xml
russo (fluente).,ru,true,true,true,cv43356.xml
[resume_language],pt,true,true,true,cv43356.xml
[resume_language],pt,true,true,true,cv39907.xml
[resume_language],pt,true,true,true,cv45185.xml
[resume_language],pt,true,true,true,cv42089.xml
 ingls fluente para leitura  escrita,en,true,true,true,cv43381.xml
 espanhol fluente para leitura  escrita,es,true,true,true,cv43381.xml
[resume_language],pt,true,true,true,cv43381.xml
curso relacionado: espanhol intermedirio.,es,true,true,true,cv44598.xml
curso relacionado: ingls tcnico intermedirio.,en,true,true,true,cv44598.xml
[resume_language],pt,true,true,true,cv44598.xml
[resume_language],pt,true,true,true,cv45498.xml
[resume_language],pt,true,true,true,cv45019.xml
[resume_language],pt,true,true,true,cv43575.xml
ingls - intermedirio/ avanado -,en,true,true,true,cv43622.xml
[resume_language],pt,true,true,true,cv43622.xml
[resume_language],pt,true,true,true,cv45290.xml
[resume_language],pt,true,true,true,cv45313.xml
[resume_language],pt,true,true,true,cv44344.xml
[resume_language],pt,true,true,true,cv44880.xml
[resume_language],pt,true,true,true,cv39611.xml
[resume_language],pt,true,true,true,cv42895.xml
 ingls: conversao: nvel intermedirio (aulas,en,true,true,true,cv44235.xml
espanhol: bsico.,es,false,true,false,cv44235.xml
[resume_language],pt,true,true,true,cv44235.xml
[resume_language],pt,true,true,true,cv42605.xml
[resume_language],pt,true,true,true,cv42832.xml
ingls intermedirio (cursando),en,true,true,true,cv44224.xml
espanhol bsico,es,false,true,false,cv44224.xml
[resume_language],pt,true,true,true,cv44224.xml
	ingls - (bsico),en,false,true,false,cv40338.xml
[resume_language],pt,true,true,true,cv40338.xml
[resume_language],pt,true,true,true,cv45016.xml
[resume_language],pt,true,true,true,cv39608.xml
ingls: intermedirio,en,true,true,true,cv44770.xml
espanhol: bsico (boa compreenso),es,false,true,false,cv44770.xml
[resume_language],pt,true,true,true,cv44770.xml
[resume_language],pt,true,true,true,cv45956.xml
ingls  intermedirio.,en,true,true,true,cv44542.xml
[resume_language],pt,true,true,true,cv44542.xml
[resume_language],pt,true,true,true,cv44190.xml
2017	ingls avanado,en,false,true,false,cv44228.xml
[resume_language],pt,true,true,true,cv44228.xml
[resume_language],pt,true,true,true,cv45240.xml
ingls - tcnico,en,false,true,false,cv44219.xml
[resume_language],pt,true,true,true,cv44219.xml
[resume_language],pt,true,true,true,cv45113.xml
[resume_language],pt,true,true,true,cv42913.xml
[resume_language],pt,true,true,true,cv42176.xml
fisk - ingls fluente,en,true,true,true,cv44338.xml
[resume_language],pt,true,true,true,cv44338.xml
ingls - cursando,en,false,true,false,cv44541.xml
[resume_language],pt,true,true,true,cv44541.xml
[resume_language],pt,true,true,true,cv45439.xml
[resume_language],pt,true,true,true,cv45325.xml
ingls: avanado (em curso: ingls [and] ingls: avanado (em curso: ingls fluente on-line).,en,true,true,true,cv43515.xml
[resume_language],pt,true,true,true,cv43515.xml
 ingls intermedirio,en,true,true,true,cv45292.xml
[resume_language],pt,true,true,true,cv45292.xml
ingls: leitura fluente  escrita fluente  [and]  curso general and business english course [and] dominion english school (auckland/nova zelndia) - [and]  curso de imerso em ingls,en,true,true,true,cv45141.xml
[resume_language],pt,true,true,true,cv45141.xml
ingls - intermedirio.,en,true,true,true,cv44202.xml
espanhol - bsico.,es,false,true,false,cv44202.xml
[resume_language],pt,true,true,true,cv44202.xml
[resume_language],pt,true,true,true,cv42194.xml
[resume_language],pt,true,true,true,cv44750.xml
[resume_language],pt,true,true,true,cv42154.xml
portugus,pt,false,true,false,cv44336.xml
ingls,en,false,true,false,cv44336.xml
[resume_language],pt,true,true,true,cv42147.xml
[resume_language],pt,true,true,true,cv44391.xml
ingls intermedirio com boa leitura,en,true,true,true,cv43367.xml
[resume_language],pt,true,true,true,cv43367.xml
ingls bsico e espanhol intermedirio.,en,true,true,true,cv44850.xml
ingls bsico e espanhol intermedirio.,es,true,true,true,cv44850.xml
[resume_language],pt,true,true,true,cv44850.xml
[resume_language],pt,true,true,true,cv44917.xml
[resume_language],pt,true,true,true,cv45017.xml
[resume_language],pt,true,true,true,cv42573.xml
[resume_language],pt,true,true,true,cv39531.xml
[resume_language],pt,true,true,true,cv42169.xml
ingls intermedirio e tcnico,en,true,true,true,cv44073.xml
[resume_language],pt,true,true,true,cv44073.xml
english: advanced reading/writing level  intermediate,en,true,true,false,cv42704.xml
- portuguese: native;,pt,true,true,true,cv42704.xml
- spanish: intermediate conversation/reading/writing level;,es,true,true,false,cv42704.xml
[resume_language],pt,true,true,true,cv45304.xml
[resume_language],pt,true,true,true,cv39495.xml
[resume_language],pt,true,true,true,cv45680.xml
[resume_language],pt,true,true,true,cv42787.xml
[resume_language],pt,true,true,true,cv44949.xml
[resume_language],pt,true,true,true,cv44413.xml
[resume_language],pt,true,true,true,cv43799.xml
 ingls bsico - carga horria [and] new fast english i na unidade sistema,en,false,true,false,cv43896.xml
[resume_language],pt,true,true,true,cv43896.xml
[resume_language],pt,true,true,true,cv39632.xml
[resume_language],pt,true,true,true,cv43405.xml
[resume_language],pt,true,true,true,cv44597.xml
[resume_language],pt,true,true,true,cv42136.xml
[resume_language],pt,true,true,true,cv44893.xml
espanhol - intermedirio,es,true,true,true,cv45868.xml
[resume_language],pt,true,true,true,cv45868.xml
ingls: leitura fluente  escrita fluente ,en,true,true,true,cv45080.xml
espanhol: leitura intermediaria  escrita intermediaria ,es,true,true,true,cv45080.xml
[resume_language],pt,true,true,true,cv45080.xml
[resume_language],pt,true,true,true,cv44196.xml
[resume_language],pt,true,true,true,cv42145.xml
ingls intermedirio dinmica de grupo,en,true,true,true,cv45056.xml
[resume_language],pt,true,true,true,cv45056.xml
[resume_language],pt,true,true,true,cv44655.xml
 ingls intermedirio - wizard -,en,true,true,true,cv45065.xml
[resume_language],pt,true,true,true,cv45065.xml
ingls - fluente (cultura inglesa,en,true,true,true,cv43749.xml
[resume_language],pt,true,true,true,cv43749.xml
ingls - intermedirio,en,true,true,true,cv43135.xml
[resume_language],pt,true,true,true,cv43135.xml
[resume_language],pt,true,true,true,cv34194.xml
 ingls - intermedirio.,en,true,true,true,cv44298.xml
 espanhol - bsico.,es,false,true,false,cv44298.xml
[resume_language],pt,true,true,true,cv44298.xml
[resume_language],pt,true,true,true,cv44947.xml
[resume_language],pt,true,true,true,cv45099.xml
portugus: nativo.,pt,false,true,false,cv43250.xml
ingls:,en,false,true,false,cv43250.xml
portugus e espanhol fluente e [and] portugus e espanhol fluente e,pt,true,true,true,cv44993.xml
portugus e espanhol fluente e ingls avanado. [and] portugus e espanhol fluente e ingls avanado.,es,true,true,true,cv44993.xml
portugus e espanhol fluente e ingls avanado. [and] portugus e espanhol fluente e ingls avanado.,en,true,true,true,cv44993.xml
 espanhol - intermedirio/avanado;,es,true,true,true,cv43518.xml
 ingls - intermedirio.,en,true,true,true,cv43518.xml
[resume_language],pt,true,true,true,cv43518.xml
ingls - bsico para leitura,en,false,true,false,cv44530.xml
[resume_language],pt,true,true,true,cv44530.xml
[resume_language],pt,true,true,true,cv44054.xml
[resume_language],pt,true,true,true,cv39606.xml
[resume_language],pt,true,true,true,cv42512.xml
 ingls - intermedirio - cursando [and] - intermedirio - cursando global english,en,true,true,true,cv45818.xml
[resume_language],pt,true,true,true,cv45818.xml
[resume_language],pt,true,true,true,cv44762.xml
[resume_language],pt,true,true,true,cv43019.xml
[resume_language],pt,true,true,true,cv45393.xml
ingls avanado.,en,false,true,false,cv44661.xml
[resume_language],pt,true,true,true,cv44661.xml
[resume_language],pt,true,true,true,cv45288.xml
francs e5 - centro interescolar,fr,false,true,false,cv42506.xml
ingls - centro interescolar de,en,false,true,false,cv42506.xml
espanhol- avanado,es,false,true,false,cv42506.xml
[resume_language],pt,true,true,true,cv42506.xml
[resume_language],pt,true,true,true,cv44365.xml
[resume_language],pt,true,true,true,cv42120.xml
[resume_language],pt,true,true,true,cv44328.xml
 lngua estrangeira: espanhol intermedirio.,es,true,true,true,cv42503.xml
[resume_language],pt,true,true,true,cv42503.xml
 portugus nativo;,pt,false,true,false,cv45938.xml
 ingls avanado;,en,false,true,false,cv45938.xml
[resume_language],pt,true,true,true,cv42515.xml
 ingls intermedirio,en,true,true,true,cv43266.xml
[resume_language],pt,true,true,true,cv43266.xml
[resume_language],pt,true,true,true,cv39473.xml
excelente conhecimento de ingls (fala  escrita e leitura) ,en,true,true,true,cv43126.xml
[resume_language],pt,true,true,true,cv43126.xml
 ingls (nvel avanado).,en,false,true,false,cv44174.xml
 espanhol (nvel mdio).,es,false,true,false,cv44174.xml
[resume_language],pt,true,true,true,cv44174.xml
[resume_language],pt,true,true,true,cv42143.xml
[resume_language],pt,true,true,true,cv44805.xml
[resume_language],pt,true,true,true,cv42344.xml
[resume_language],pt,true,true,true,cv42847.xml
[resume_language],pt,true,true,true,cv42841.xml
ingls - bsico,en,false,true,false,cv44143.xml
[resume_language],pt,true,true,true,cv44143.xml
ingls intermedirio.,en,true,true,true,cv44133.xml
[resume_language],pt,true,true,true,cv44133.xml
[resume_language],pt,true,true,true,cv42343.xml
ingls avanado,en,false,true,false,cv44039.xml
compreenso oral e escrita de francs  italiano e espanhol,fr,false,true,false,cv44039.xml
oral e escrita de francs  italiano e espanhol,it,false,true,false,cv44039.xml
escrita de francs  italiano e espanhol,es,false,true,false,cv44039.xml
[resume_language],pt,true,true,true,cv44039.xml
 ingls intermedirio incompleto- centro interescolar,en,true,true,true,cv42683.xml
[resume_language],pt,true,true,true,cv42683.xml
[resume_language],pt,true,true,true,cv45106.xml
[resume_language],pt,true,true,true,cv39466.xml
[resume_language],pt,true,true,true,cv44636.xml
[resume_language],pt,true,true,true,cv42969.xml
[resume_language],pt,true,true,true,cv45517.xml
[resume_language],pt,true,true,true,cv42845.xml
[resume_language],pt,true,true,true,cv42380.xml
[resume_language],pt,true,true,true,cv42855.xml
[resume_language],pt,true,true,true,cv9118.xml
[resume_language],pt,true,true,true,cv42084.xml
[resume_language],pt,true,true,true,cv45159.xml
 ingls intermedirio,en,true,true,true,cv42931.xml
 espanhol bsico,es,false,true,false,cv42931.xml
[resume_language],pt,true,true,true,cv42931.xml
[resume_language],pt,true,true,true,cv39544.xml
[resume_language],pt,true,true,true,cv45509.xml
[resume_language],pt,true,true,true,cv44182.xml
[resume_language],pt,true,true,true,cv42400.xml
ingls - intermedirio,en,true,true,true,cv44881.xml
espanhol - bsico,es,false,true,false,cv44881.xml
[resume_language],pt,true,true,true,cv44881.xml
[resume_language],en,true,true,true,cv39467.xml
ingls: escrita  leitura e conversao,en,true,true,true,cv45820.xml
- espanhol: escrita  leitura e conversao,es,true,true,true,cv45820.xml
[resume_language],pt,true,true,true,cv45820.xml
 espanhol - intermedirio,es,true,true,true,cv44632.xml
[resume_language],pt,true,true,true,cv44632.xml
[resume_language],pt,true,true,true,cv44067.xml
[resume_language],pt,true,true,true,cv45000.xml
ingls avanado (fala  escreve e,en,false,true,false,cv44154.xml
escreve e se comunica bem)  espanhol intermedirio,es,true,true,true,cv44154.xml
[resume_language],pt,true,true,true,cv44154.xml
ingls bsico,en,false,true,false,cv43119.xml
[resume_language],pt,true,true,true,cv43119.xml
ingls nvel intermedirio.,en,true,true,true,cv44838.xml
[resume_language],pt,true,true,true,cv44838.xml
[resume_language],pt,true,true,true,cv44415.xml
[resume_language],pt,true,true,true,cv38771.xml
ingls:,en,false,true,false,cv42995.xml
[resume_language],pt,true,true,true,cv42995.xml
[resume_language],pt,true,true,true,cv45264.xml
ingls - avanado - certificado,en,false,true,false,cv45127.xml
espanhol - avanado,es,false,true,false,cv45127.xml
lngua chinesa (mandarim) - 2013 cursando -,zh,false,true,false,cv45127.xml
[resume_language],pt,true,true,true,cv45127.xml
[resume_language],pt,true,true,true,cv43781.xml
[resume_language],pt,true,true,true,cv44765.xml
[resume_language],pt,true,true,true,cv39655.xml
[resume_language],pt,true,true,true,cv43895.xml
[resume_language],pt,true,true,true,cv42296.xml
ingls avanado,en,false,true,false,cv44100.xml
espanhol bsico,es,false,true,false,cv44100.xml
[resume_language],pt,true,true,true,cv44100.xml
ingls intermedirio,en,true,true,true,cv45890.xml
[resume_language],pt,true,true,true,cv45890.xml
ingls.,en,false,true,false,cv45402.xml
espanhol.,es,false,true,false,cv45402.xml
[resume_language],pt,true,true,true,cv45402.xml
[resume_language],pt,true,true,true,cv239.xml
ingls - intermedirio/ espanhol -,en,true,true,true,cv42756.xml
[resume_language],pt,true,true,true,cv42756.xml
[resume_language],pt,true,true,true,cv43040.xml
[resume_language],pt,true,true,true,cv42373.xml
 ingls: bsico.,en,false,true,false,cv45020.xml
[resume_language],pt,true,true,true,cv45020.xml
ingls - intermedirio | espanhol,en,true,true,true,cv45018.xml
ingls - intermedirio | espanhol -bsico,es,false,true,false,cv45018.xml
[resume_language],pt,true,true,true,cv45018.xml
[resume_language],pt,true,true,true,cv42245.xml
ingls - intermedirio,en,true,true,true,cv38840.xml
[resume_language],pt,true,true,true,cv38840.xml
[resume_language],pt,true,true,true,cv40630.xml
[resume_language],en,true,true,true,cv44215.xml
ingls bsico (porm com planejamento,en,false,true,false,cv45003.xml
[resume_language],pt,true,true,true,cv45003.xml
[resume_language],pt,true,true,true,cv44342.xml
you move e fisk: ingls intermedirio e espanhol bsico,en,true,true,true,cv42559.xml
e fisk: ingls intermedirio e espanhol bsico,es,false,true,false,cv42559.xml
[resume_language],pt,true,true,true,cv42559.xml
ingls - nvel avanado,en,false,true,false,cv44884.xml
[resume_language],pt,true,true,true,cv44884.xml
 ingls: bsico,en,false,true,false,cv41937.xml
[resume_language],pt,true,true,true,cv41937.xml
[resume_language],pt,true,true,true,cv42510.xml
[resume_language],pt,true,true,true,cv42667.xml
 ingls intermedirio,en,true,true,true,cv33949.xml
[resume_language],pt,true,true,true,cv33949.xml
ingls avanado conversao e escrita,en,true,true,true,cv42879.xml
espanhol intermedirio,es,true,true,true,cv42879.xml
[resume_language],pt,true,true,true,cv42879.xml
[resume_language],pt,true,true,true,cv39556.xml
[resume_language],pt,true,true,true,cv42371.xml
[resume_language],pt,true,true,true,cv41765.xml
curso de idiomas: ingls fluente: leitura  redao e,en,true,true,true,cv45309.xml
[resume_language],pt,true,true,true,cv45309.xml
ingls - nvel intermedirio,en,true,true,true,cv44771.xml
[resume_language],pt,true,true,true,cv44771.xml
[resume_language],es,true,true,true,cv39615.xml
[resume_language],pt,true,true,true,cv42880.xml
[resume_language],pt,true,true,true,cv42649.xml
[resume_language],pt,true,true,true,cv39850.xml
[resume_language],pt,true,true,true,cv45114.xml
[resume_language],pt,true,true,true,cv44038.xml
[resume_language],pt,true,true,true,cv44262.xml
[resume_language],pt,true,true,true,cv44106.xml
espanhol - intermedirio cursando,es,true,true,true,cv43702.xml
[resume_language],pt,true,true,true,cv43702.xml
[resume_language],pt,true,true,true,cv39463.xml
[resume_language],pt,true,true,true,cv44630.xml
 ingls intermedirio,en,true,true,true,cv43184.xml
[resume_language],pt,true,true,true,cv43184.xml
* ingls: intermedirio,en,true,true,true,cv45186.xml
[resume_language],pt,true,true,true,cv45186.xml
[resume_language],pt,true,true,true,cv37780.xml
[resume_language],pt,true,true,true,cv45942.xml
[resume_language],pt,true,true,true,cv45228.xml
[resume_language],pt,true,true,true,cv45030.xml
[resume_language],pt,true,true,true,cv44185.xml
ingls	fluente / espanhol intermedirio,en,true,true,true,cv44738.xml
ingls	fluente / espanhol intermedirio,es,true,true,true,cv44738.xml
[resume_language],pt,true,true,true,cv44738.xml
[resume_language],pt,true,true,true,cv43081.xml
 ingls - intermedirio;,en,true,true,true,cv43357.xml
 espanhol - iniciante.,es,false,true,false,cv43357.xml
[resume_language],pt,true,true,true,cv43357.xml
[resume_language],pt,true,true,true,cv45655.xml
ingls intermedirio (leitura  escrita e,en,true,true,true,cv44220.xml
[resume_language],pt,true,true,true,cv44220.xml
 ingls nvel intermedirio,en,true,true,true,cv42379.xml
[resume_language],pt,true,true,true,cv42379.xml
 espanhol intermedirio,es,true,true,true,cv44644.xml
[resume_language],pt,true,true,true,cv44644.xml
portugus - fluente,pt,true,true,true,cv42653.xml
ingls - unb idiomas (cursando),en,false,true,false,cv42653.xml
espanhol - intermedirio,es,true,true,true,cv42653.xml
francs - bsico,fr,false,true,false,cv42653.xml
' ingls intermedirio.,en,true,true,true,cv44967.xml
[resume_language],pt,true,true,true,cv44967.xml
o espanhol (avanado),es,false,true,false,cv43979.xml
o ingls (mdio),en,false,true,false,cv43979.xml
[resume_language],pt,true,true,true,cv43979.xml
[resume_language],pt,true,true,true,cv45052.xml
[resume_language],pt,true,true,true,cv42684.xml
espanhol: avanado.,es,false,true,false,cv43704.xml
ingls: avanado.,en,false,true,false,cv43704.xml
[resume_language],pt,true,true,true,cv43704.xml
[resume_language],pt,true,true,true,cv42992.xml
ingls intermedirio,en,true,true,true,cv43562.xml
[resume_language],pt,true,true,true,cv43562.xml
[resume_language],pt,true,true,true,cv44302.xml
 ingls: intermedirio - cursando aulas,en,true,true,true,cv44709.xml
 espanhol: bsico,es,false,true,false,cv44709.xml
[resume_language],pt,true,true,true,cv44709.xml
ingls - avanado,en,false,true,false,cv44178.xml
[resume_language],pt,true,true,true,cv44178.xml
* ingls (04 anos) - intermedirio,en,true,true,true,cv44778.xml
[resume_language],pt,true,true,true,cv44778.xml
[resume_language],pt,true,true,true,cv45677.xml
[resume_language],pt,true,true,true,cv42173.xml
ingls bsico/intermedirio,en,true,true,true,cv44155.xml
[resume_language],pt,true,true,true,cv44155.xml
o ingls: fluente/nativo,en,true,true,true,cv44226.xml
o espanhol: conversao,es,false,true,false,cv44226.xml
[resume_language],pt,true,true,true,cv44226.xml
[resume_language],pt,true,true,true,cv43835.xml
[resume_language],pt,true,true,true,cv44386.xml
[resume_language],pt,true,true,true,cv43811.xml
 ingls: nvel intermedirio,en,true,true,true,cv45272.xml
[resume_language],pt,true,true,true,cv45272.xml
ingls intermedirio.,en,true,true,true,cv45848.xml
[resume_language],pt,true,true,true,cv45848.xml
[resume_language],pt,true,true,true,cv45090.xml
[resume_language],pt,true,true,true,cv44443.xml
ingls nvel intermedirio.,en,true,true,true,cv42384.xml
[resume_language],pt,true,true,true,cv42384.xml
ingls,en,false,true,false,cv39832.xml
japons,ja,false,true,false,cv39832.xml
[resume_language],pt,true,true,true,cv39832.xml
[resume_language],pt,true,true,true,cv44258.xml
[resume_language],pt,true,true,true,cv43808.xml
ingls (intermedirio) em curso casa,en,true,true,true,cv43986.xml
[resume_language],pt,true,true,true,cv43986.xml
[resume_language],pt,true,true,true,cv39701.xml
[resume_language],pt,true,true,true,cv21667.xml
[resume_language],pt,true,true,true,cv45714.xml
[resume_language],pt,true,true,true,cv45298.xml
[resume_language],pt,true,true,true,cv45377.xml
ingls tcnico.,en,false,true,false,cv43242.xml
[resume_language],pt,true,true,true,cv43242.xml
 wiseup (ingls intermedirio);,en,true,true,true,cv43933.xml
[resume_language],pt,true,true,true,cv43933.xml
[resume_language],pt,true,true,true,cv45382.xml
[resume_language],pt,true,true,true,cv43826.xml
ingls centro interescolar de lnguas,en,false,true,false,cv43048.xml
espanhol bsico.,es,false,true,false,cv43048.xml
[resume_language],pt,true,true,true,cv43048.xml
[resume_language],en,true,true,true,cv43881.xml
[resume_language],pt,true,true,true,cv42339.xml
idiomas	espanhol intermedirio - 1 ano,es,true,true,true,cv43291.xml
[resume_language],pt,true,true,true,cv43291.xml
ingls - avanado - concludo,en,false,true,false,cv33959.xml
[resume_language],pt,true,true,true,cv33959.xml
ingls,en,false,true,false,cv44357.xml
[resume_language],pt,true,true,true,cv44357.xml
[resume_language],pt,true,true,true,cv44561.xml
[resume_language],pt,true,true,true,cv41832.xml
seo  photoshop  ingls nvel intermedirio.,en,true,true,true,cv42655.xml
[resume_language],pt,true,true,true,cv42655.xml
espanhol fluente e ingls intermedirio.,es,true,true,true,cv43533.xml
espanhol fluente e ingls intermedirio.,en,true,true,true,cv43533.xml
[resume_language],pt,true,true,true,cv43533.xml
ingls intermedirio.,en,true,true,true,cv41770.xml
[resume_language],pt,true,true,true,cv41770.xml
ingls - bsico,en,false,true,false,cv42834.xml
espanhol - bsico,es,false,true,false,cv42834.xml
[resume_language],pt,true,true,true,cv42834.xml
 ingls intermedirio.,en,true,true,true,cv44466.xml
[resume_language],pt,true,true,true,cv44466.xml
ingls - intermedirio / avanado.,en,true,true,true,cv44918.xml
espanhol - intermedirio.,es,true,true,true,cv44918.xml
[resume_language],pt,true,true,true,cv44918.xml
[resume_language],pt,true,true,true,cv44395.xml
[resume_language],pt,true,true,true,cv43737.xml
ingls intermedirio,en,true,true,true,cv44124.xml
[resume_language],pt,true,true,true,cv44124.xml
portugus	desenvolvedor front-end de aplicaes,pt,false,true,false,cv42399.xml
ingls,en,false,true,false,cv42399.xml
espanhol	estagiou no banco bbm ,es,false,true,false,cv42399.xml
[resume_language],pt,true,true,true,cv42269.xml
o espanhol (avanado),es,false,true,false,cv44973.xml
o ingls (mdio),en,false,true,false,cv44973.xml
[resume_language],pt,true,true,true,cv44973.xml
[resume_language],pt,true,true,true,cv43329.xml
[resume_language],pt,true,true,true,cv44701.xml
[resume_language],pt,true,true,true,cv45673.xml
ingls bsico	leitura bscio -,en,false,true,false,cv43517.xml
espanhol bsico	leitura bsico-intermedirio  conversao,es,true,true,true,cv43517.xml
[resume_language],pt,true,true,true,cv43517.xml
[resume_language],pt,true,true,true,cv42382.xml
ingls intermediario	-	espanhol basico.,en,false,true,false,cv43147.xml
ingls intermediario	-	espanhol basico.,es,false,true,false,cv43147.xml
[resume_language],pt,true,true,true,cv43147.xml
[resume_language],pt,true,true,true,cv45277.xml
espanhol bsico,es,false,true,false,cv44134.xml
portugus nativo,pt,false,true,false,cv44134.xml
ingls intermedirio,en,true,true,true,cv44134.xml
 ingls intermedirio,en,true,true,true,cv43974.xml
[resume_language],pt,true,true,true,cv43974.xml
[resume_language],pt,true,true,true,cv45337.xml
[resume_language],pt,true,true,true,cv42682.xml
ingls	intermedirio,en,true,true,true,cv44011.xml
[resume_language],pt,true,true,true,cv44011.xml
[resume_language],pt,true,true,true,cv42123.xml
espanhol - intermedirio	como r&s;,es,true,true,true,cv45145.xml
ingls - bsico	desenvolvimento de,en,false,true,false,cv45145.xml
[resume_language],pt,true,true,true,cv45145.xml
[resume_language],pt,true,true,true,cv43183.xml
[resume_language],pt,true,true,true,cv45057.xml
[resume_language],pt,true,true,true,cv42564.xml
 ingls intermedirio.,en,true,true,true,cv40281.xml
[resume_language],pt,true,true,true,cv40281.xml
[resume_language],pt,true,true,true,cv45522.xml
ingls - cursando,en,false,true,false,cv43088.xml
[resume_language],pt,true,true,true,cv43088.xml
ingls - fluncia e boa,en,false,true,false,cv44568.xml
francs - bsico.,fr,false,true,false,cv44568.xml
[resume_language],pt,true,true,true,cv44568.xml
portugus (nativo) - ingls (avanado),pt,false,true,false,cv41642.xml
portugus (nativo) - ingls (avanado) - espanhol (intermedirio).,en,true,true,true,cv41642.xml
(nativo) - ingls (avanado) - espanhol (intermedirio).,es,true,true,true,cv41642.xml
[resume_language],pt,true,true,true,cv43049.xml
ingls intermedirio com boa leitura,en,true,true,true,cv43036.xml
[resume_language],pt,true,true,true,cv43036.xml
[resume_language],pt,true,true,true,cv44373.xml
[resume_language],pt,true,true,true,cv44474.xml
[resume_language],pt,true,true,true,cv45584.xml
[resume_language],pt,true,true,true,cv44872.xml
[resume_language],pt,true,true,true,cv39523.xml
ingls (nvel intermedirio) e espanhol,en,true,true,true,cv44593.xml
ingls (nvel intermedirio) e espanhol (nvel bsico).,es,false,true,false,cv44593.xml
[resume_language],pt,true,true,true,cv44593.xml
[resume_language],pt,true,true,true,cv45650.xml
- ingls intermedirio - brasas english,en,true,true,true,cv43917.xml
[resume_language],pt,true,true,true,cv43917.xml
[resume_language],pt,true,true,true,cv43332.xml
[resume_language],pt,true,true,true,cv42954.xml
ingls - tcnico,en,false,true,false,cv43890.xml
[resume_language],pt,true,true,true,cv43890.xml
 ingls - particular (cursando) [and] - vancouver - semi intensive english program - level 107 [and] ingls avanado,en,false,true,false,cv44715.xml
[resume_language],pt,true,true,true,cv44715.xml
[resume_language],pt,true,true,true,cv42350.xml
[resume_language],pt,true,true,true,cv44352.xml
 portugus: nativo.,pt,false,true,false,cv43526.xml
 ingls: intermedirio/avanado.,en,true,true,true,cv43526.xml
 espanhol: bsico.,es,false,true,false,cv43526.xml
[resume_language],pt,true,true,true,cv43945.xml
ingls: escreve  l e fala,en,false,true,false,cv44179.xml
espanhol: escreve pouco  l e,es,false,true,false,cv44179.xml
[resume_language],pt,true,true,true,cv44179.xml
 ingls fluente,en,true,true,true,cv42273.xml
[resume_language],pt,true,true,true,cv42273.xml
[resume_language],pt,true,true,true,cv44512.xml
[resume_language],pt,true,true,true,cv43434.xml
[resume_language],en,true,true,true,cv39527.xml
	ingls intermedirio,en,true,true,true,cv44296.xml
[resume_language],pt,true,true,true,cv44296.xml
ingls intermedirio (boa leitura  no,en,true,true,true,cv45932.xml
[resume_language],pt,true,true,true,cv45932.xml
[resume_language],pt,true,true,true,cv42632.xml
ingls - fluente,en,true,true,true,cv45764.xml
[resume_language],pt,true,true,true,cv45764.xml
[resume_language],pt,true,true,true,cv42251.xml
[resume_language],pt,true,true,true,cv44557.xml
[resume_language],pt,true,true,true,cv33922.xml
ingls leitura: avanado [and] ingls fluente: intermedirio,en,true,true,true,cv44407.xml
[resume_language],pt,true,true,true,cv44407.xml
ingls: proficiente - certificate in [and] proficiente - certificate in advanced english (cae)  cambridge methodology /,en,true,true,true,cv41179.xml
[resume_language],pt,true,true,true,cv41179.xml
[resume_language],pt,true,true,true,cv43976.xml
[resume_language],pt,true,true,true,cv42135.xml
[resume_language],pt,true,true,true,cv43318.xml
ingls avanado/ espanhol intermedirio /,en,true,true,true,cv45101.xml
ingls avanado/ espanhol intermedirio / esperanto,es,true,true,true,cv45101.xml
ingls avanado/ espanhol intermedirio / esperanto,eo,false,true,false,cv45101.xml
[resume_language],pt,true,true,true,cv45101.xml
[resume_language],pt,true,true,true,cv44109.xml
ingls (l e ouve bem ,en,false,true,false,cv44096.xml
espanhol (l  escreve  ouve e,es,false,true,false,cv44096.xml
[resume_language],pt,true,true,true,cv44096.xml
[resume_language],pt,true,true,true,cv44536.xml
ingls: leitura intermedirio  escrita intermedirio ,en,true,true,true,cv44815.xml
[resume_language],pt,true,true,true,cv44815.xml
[resume_language],pt,true,true,true,cv43854.xml
ingls - fluente,en,true,true,true,cv44798.xml
espanhol - intermedirio,es,true,true,true,cv44798.xml
[resume_language],pt,true,true,true,cv44798.xml
[resume_language],pt,true,true,true,cv44392.xml
* ingls - nvel intermedirio,en,true,true,true,cv44916.xml
[resume_language],pt,true,true,true,cv44916.xml
[resume_language],pt,true,true,true,cv45055.xml
[resume_language],pt,true,true,true,cv44737.xml
ingls - bsico/tcnico,en,false,true,false,cv44526.xml
[resume_language],pt,true,true,true,cv44526.xml
 espanhol avanado - leitura /,es,false,true,false,cv44059.xml
 ingls instrumental - leitura /,en,false,true,false,cv44059.xml
[resume_language],pt,true,true,true,cv44059.xml
* ingls intermedirio,en,true,true,true,cv44861.xml
[resume_language],pt,true,true,true,cv44861.xml
ingls - avanado espanhol -,en,false,true,false,cv45630.xml
ingls - avanado espanhol - bsico,es,false,true,false,cv45630.xml
[resume_language],pt,true,true,true,cv45630.xml
[resume_language],pt,true,true,true,cv44437.xml
ingls - intermedirio (wizard) ,en,true,true,true,cv45170.xml
[resume_language],pt,true,true,true,cv45170.xml
[resume_language],pt,true,true,true,cv44866.xml
 ingls: intermedirio,en,true,true,true,cv43136.xml
[resume_language],pt,true,true,true,cv43136.xml
[resume_language],pt,true,true,true,cv44478.xml
 ingls cursando (cooplem idiomas),en,false,true,false,cv42119.xml
[resume_language],pt,true,true,true,cv42119.xml
ingls - bsico,en,false,true,false,cv43247.xml
[resume_language],pt,true,true,true,cv43247.xml
ingls (avanado/fluente),en,true,true,true,cv42926.xml
[resume_language],pt,true,true,true,cv42926.xml
[resume_language],pt,true,true,true,cv44323.xml
[resume_language],pt,true,true,true,cv42351.xml
 ingls intermedirio..,en,true,true,true,cv43743.xml
[resume_language],pt,true,true,true,cv43743.xml
[resume_language],pt,true,true,true,cv39468.xml
[resume_language],pt,true,true,true,cv42172.xml
[resume_language],pt,true,true,true,cv44723.xml
[resume_language],pt,true,true,true,cv44241.xml
espanhol fluente  ingls avanado italiano,es,true,true,true,cv44922.xml
espanhol fluente  ingls avanado italiano bsico.,en,true,true,true,cv44922.xml
espanhol fluente  ingls avanado italiano bsico.,it,true,true,true,cv44922.xml
[resume_language],pt,true,true,true,cv44922.xml
ingls fluente - yazigi idiomas,en,true,true,true,cv44079.xml
espanhol bsico,es,false,true,false,cv44079.xml
[resume_language],pt,true,true,true,cv44079.xml
[resume_language],pt,true,true,true,cv44292.xml
ingls bsico (leitura tcnica),en,false,true,false,cv43980.xml
[resume_language],pt,true,true,true,cv43980.xml
[resume_language],pt,true,true,true,cv17452.xml
ingls: .leitura/escrita: avanado.,en,true,true,true,cv41677.xml
[resume_language],pt,true,true,true,cv41677.xml
[resume_language],pt,true,true,true,cv42690.xml
[resume_language],pt,true,true,true,cv42394.xml
ingls intermedirio,en,true,true,true,cv41873.xml
[resume_language],pt,true,true,true,cv41873.xml
	ingls intermedirio,en,true,true,true,cv42740.xml
[resume_language],pt,true,true,true,cv42740.xml
[resume_language],pt,true,true,true,cv44183.xml
 ingls intermedirio - cultura inglesa.,en,true,true,true,cv45612.xml
[resume_language],pt,true,true,true,cv45612.xml
ingls - fluente - vivencia,en,true,true,true,cv45031.xml
espanhol - avanado,es,false,true,false,cv45031.xml
[resume_language],pt,true,true,true,cv45031.xml
[resume_language],pt,true,true,true,cv45002.xml
ingls	portugus,en,false,true,false,cv39789.xml
ingls	portugus,pt,false,true,false,cv39789.xml
[resume_language],pt,true,true,true,cv44595.xml
[resume_language],pt,true,true,true,cv44463.xml
 ingls: fluente,en,true,true,true,cv44085.xml
 italiano: fluente,it,true,true,true,cv44085.xml
[resume_language],pt,true,true,true,cv44085.xml
[resume_language],pt,true,true,true,cv42256.xml
[resume_language],pt,true,true,true,cv45479.xml
 portugus  nativo,pt,false,true,false,cv45459.xml
[resume_language],pt,true,true,true,cv44741.xml
[resume_language],pt,true,true,true,cv42748.xml
curso de ingls intermedirio (concludo em 2007),en,true,true,true,cv44277.xml
[resume_language],pt,true,true,true,cv44277.xml
[resume_language],pt,true,true,true,cv42298.xml
[resume_language],pt,true,true,true,cv42509.xml
[resume_language],pt,true,true,true,cv42936.xml
[resume_language],pt,true,true,true,cv44172.xml
ingls intermedirio.,en,true,true,true,cv19406.xml
[resume_language],pt,true,true,true,cv19406.xml
[resume_language],pt,true,true,true,cv43069.xml
ingls intermedirio - cooplem idiomas,en,true,true,true,cv43188.xml
[resume_language],pt,true,true,true,cv43188.xml
ingls - intermedirio.,en,true,true,true,cv42937.xml
[resume_language],pt,true,true,true,cv42937.xml
[resume_language],pt,true,true,true,cv39555.xml
[resume_language],pt,true,true,true,cv44242.xml
[resume_language],pt,true,true,true,cv42196.xml
[resume_language],pt,true,true,true,cv43468.xml
[resume_language],pt,true,true,true,cv38500.xml
ingls - fluente.,en,true,true,true,cv42397.xml
italiano - noes.,it,false,true,false,cv42397.xml
[resume_language],pt,true,true,true,cv42397.xml
 ingls intermedirio,en,true,true,true,cv42826.xml
[resume_language],pt,true,true,true,cv42826.xml
[resume_language],pt,true,true,true,cv44705.xml
ingls,en,false,true,false,cv43828.xml
[resume_language],pt,true,true,true,cv43828.xml
[resume_language],pt,true,true,true,cv21807.xml
[resume_language],pt,true,true,true,cv44767.xml
[resume_language],pt,true,true,true,cv45073.xml
[resume_language],pt,true,true,true,cv38699.xml
ingls intermedirio.,en,true,true,true,cv45088.xml
[resume_language],pt,true,true,true,cv45088.xml
[resume_language],pt,true,true,true,cv44297.xml
ingls - avanado / fluente,en,true,true,true,cv44255.xml
espanhol - intermedirio,es,true,true,true,cv44255.xml
[resume_language],pt,true,true,true,cv44255.xml
ingls book 4 (conversao  escrita ,en,true,true,true,cv45627.xml
[resume_language],pt,true,true,true,cv45627.xml
[resume_language],pt,true,true,true,cv43065.xml
espanhol: leitura bsica  escrita bsica ,es,true,true,true,cv44324.xml
ingls: (3 anos) leitura intermediria ,en,false,true,false,cv44324.xml
[resume_language],pt,true,true,true,cv44324.xml
 ingls e espanhol bsico,en,false,true,false,cv44334.xml
 ingls e espanhol bsico,es,false,true,false,cv44334.xml
[resume_language],pt,true,true,true,cv44334.xml
ingls - fluente - vivencia,en,true,true,true,cv45595.xml
espanhol - avanado,es,false,true,false,cv45595.xml
[resume_language],pt,true,true,true,cv45595.xml
[resume_language],pt,true,true,true,cv42637.xml
[resume_language],pt,true,true,true,cv44651.xml
[resume_language],pt,true,true,true,cv44977.xml
[resume_language],pt,true,true,true,cv44970.xml
[resume_language],pt,true,true,true,cv44982.xml
"intermedirio ingls (nvel intermedirio para leitura  [and] ingls na instituio "" unb-idiomas.""",en,true,true,true,cv45023.xml
[resume_language],pt,true,true,true,cv45023.xml
usando o open journal sys-	ingls oral: bom - escrita:,en,true,true,true,cv42675.xml
site da pr-reitoria de extenso	espanhol	oral: intermedirio - escrita:,es,true,true,true,cv42675.xml
[resume_language],pt,true,true,true,cv42675.xml
espanhol / ingls: bsico.,es,false,true,false,cv45084.xml
espanhol / ingls: bsico.,en,false,true,false,cv45084.xml
[resume_language],pt,true,true,true,cv45084.xml
[resume_language],pt,true,true,true,cv39496.xml
ingls: intermedirio.,en,true,true,true,cv41598.xml
espanhol: bsico.,es,false,true,false,cv41598.xml
[resume_language],pt,true,true,true,cv41598.xml
[resume_language],pt,true,true,true,cv42337.xml
[resume_language],pt,true,true,true,cv42893.xml
[resume_language],pt,true,true,true,cv42029.xml
ingls nvel intermedirio - centro,en,true,true,true,cv44012.xml
[resume_language],pt,true,true,true,cv44012.xml
[resume_language],pt,true,true,true,cv43031.xml
[resume_language],pt,true,true,true,cv39458.xml
 ingls intermedirio (centro interescolar de,en,true,true,true,cv44333.xml
[resume_language],pt,true,true,true,cv44333.xml
[resume_language],pt,true,true,true,cv43966.xml
[resume_language],pt,true,true,true,cv42665.xml
[resume_language],pt,true,true,true,cv44274.xml
[resume_language],pt,true,true,true,cv44479.xml
[resume_language],pt,true,true,true,cv42128.xml
[resume_language],pt,true,true,true,cv39567.xml
[resume_language],pt,true,true,true,cv42587.xml
[resume_language],pt,true,true,true,cv42402.xml
[resume_language],pt,true,true,true,cv44355.xml
[resume_language],pt,true,true,true,cv42340.xml
[resume_language],pt,true,true,true,cv44720.xml
[resume_language],pt,true,true,true,cv44773.xml
[resume_language],pt,true,true,true,cv45700.xml
[resume_language],pt,true,true,true,cv45718.xml
[resume_language],pt,true,true,true,cv42260.xml
[resume_language],pt,true,true,true,cv45349.xml
[resume_language],pt,true,true,true,cv44187.xml
[resume_language],pt,true,true,true,cv44483.xml
[resume_language],pt,true,true,true,cv39483.xml
ingls - bsico.,en,false,true,false,cv43151.xml
espanhol - bsico.,es,false,true,false,cv43151.xml
[resume_language],pt,true,true,true,cv43151.xml
[resume_language],pt,true,true,true,cv42393.xml
ingls: avanado,en,false,true,false,cv44164.xml
[resume_language],pt,true,true,true,cv44164.xml
[resume_language],pt,true,true,true,cv45241.xml
[resume_language],pt,true,true,true,cv44330.xml
ingls	fluncia.: falado e escrito.,en,true,true,true,cv43143.xml
espanhol	fluncia.: falado e escrito,es,true,true,true,cv43143.xml
gerncia de logstica  assistncia ps-venda e patrimnio.,ve,false,true,false,cv43143.xml
[resume_language],pt,true,true,true,cv43143.xml
[resume_language],pt,true,true,true,cv42685.xml
ingls - wise up,en,false,true,false,cv45457.xml
[resume_language],pt,true,true,true,cv45457.xml
[resume_language],pt,true,true,true,cv43321.xml
 francs - fluente - aliana,fr,true,true,true,cv44622.xml
 ingls - fluente - cultura,en,true,true,true,cv44622.xml
[resume_language],pt,true,true,true,cv44622.xml
 ingls avanado,en,false,true,false,cv44823.xml
[resume_language],pt,true,true,true,cv44823.xml
* espanhol intermedirio: cna idiomas,es,true,true,true,cv42840.xml
[resume_language],pt,true,true,true,cv42840.xml
ingls - intermedirio / avanado,en,true,true,true,cv44188.xml
[resume_language],pt,true,true,true,cv44188.xml
[resume_language],pt,true,true,true,cv44653.xml
[resume_language],pt,true,true,true,cv44161.xml
ingls intermedirio.,en,true,true,true,cv44203.xml
[resume_language],pt,true,true,true,cv44203.xml
[resume_language],pt,true,true,true,cv43125.xml
[resume_language],pt,true,true,true,cv43814.xml
[resume_language],pt,true,true,true,cv43994.xml
em ingls.,en,false,true,false,cv39723.xml
[resume_language],pt,true,true,true,cv39723.xml
[resume_language],pt,true,true,true,cv44248.xml
' ingls intermedirio.,en,true,true,true,cv44968.xml
[resume_language],pt,true,true,true,cv44968.xml
ingls avanado,en,false,true,false,cv43578.xml
[resume_language],pt,true,true,true,cv43578.xml
ingls avanado,en,false,true,false,cv45092.xml
[resume_language],pt,true,true,true,cv45092.xml
[resume_language],pt,true,true,true,cv44227.xml
[resume_language],pt,true,true,true,cv39474.xml
[resume_language],pt,true,true,true,cv43324.xml
ingls: fluente [and] 2 anos de ingls voltado ao negcio,en,true,true,true,cv41162.xml
[resume_language],pt,true,true,true,cv41162.xml
[resume_language],pt,true,true,true,cv39453.xml
[resume_language],pt,true,true,true,cv45303.xml
[resume_language],pt,true,true,true,cv45403.xml
ingls: intermedirio,en,true,true,true,cv44263.xml
japons: intermedirio,ja,true,true,true,cv44263.xml
[resume_language],pt,true,true,true,cv44263.xml
ingls fluente.,en,true,true,true,cv42650.xml
[resume_language],pt,true,true,true,cv42650.xml
[resume_language],pt,true,true,true,cv42773.xml
 ingls avanado,en,false,true,false,cv41283.xml
[resume_language],pt,true,true,true,cv41283.xml
[resume_language],pt,true,true,true,cv39596.xml
[resume_language],pt,true,true,true,cv44690.xml
[resume_language],pt,true,true,true,cv42825.xml
espanhol - bsico,es,false,true,false,cv44852.xml
ingls - bsico.,en,false,true,false,cv44852.xml
[resume_language],pt,true,true,true,cv44852.xml
[resume_language],pt,true,true,true,cv43293.xml
ingls-bsico  intermedirio  intensivo  entidade executora:,en,true,true,true,cv40132.xml
[resume_language],pt,true,true,true,cv40132.xml
[resume_language],pt,true,true,true,cv42961.xml
[resume_language],pt,true,true,true,cv42219.xml
[resume_language],pt,true,true,true,cv43621.xml
[resume_language],pt,true,true,true,cv42432.xml
ingls bsico,en,false,true,false,cv42925.xml
[resume_language],pt,true,true,true,cv42925.xml
ingls intermedirio [and] ingls intensivo: bsico  intermedirio e,en,true,true,true,cv44019.xml
[resume_language],pt,true,true,true,cv44019.xml
[resume_language],pt,true,true,true,cv45364.xml
ingls - intermedirio | espanhol,en,true,true,true,cv44025.xml
ingls - intermedirio | espanhol -bsico,es,false,true,false,cv44025.xml
[resume_language],pt,true,true,true,cv44025.xml
[resume_language],pt,true,true,true,cv42229.xml
[resume_language],pt,true,true,true,cv40413.xml
ingls (nvel bsico para leitura ,en,false,true,false,cv39321.xml
[resume_language],pt,true,true,true,cv39321.xml
[resume_language],pt,true,true,true,cv40491.xml
[resume_language],en,true,true,true,cv39497.xml
 ingls intermedirio,en,true,true,true,cv44002.xml
 espanhol iniciante,es,false,true,false,cv44002.xml
[resume_language],pt,true,true,true,cv44002.xml
ingls intermedirio(conversao  leitura e escrita);,en,true,true,true,cv44081.xml
[resume_language],pt,true,true,true,cv44081.xml
 ingls - intermedirio.,en,true,true,true,cv43718.xml
 espanhol - intermedirio.,es,true,true,true,cv43718.xml
[resume_language],pt,true,true,true,cv43718.xml
[resume_language],pt,true,true,true,cv42977.xml
[resume_language],pt,true,true,true,cv40356.xml
- ingls fluente (escrita e conversao),en,true,true,true,cv42775.xml
[resume_language],pt,true,true,true,cv42775.xml
ingls - intermedirio,en,true,true,true,cv41586.xml
espanhol - intermedirio,es,true,true,true,cv41586.xml
[resume_language],pt,true,true,true,cv41586.xml
[resume_language],pt,true,true,true,cv39646.xml
[resume_language],pt,true,true,true,cv45665.xml
 ingls		espanhol,en,false,true,false,cv44824.xml
 ingls		espanhol,es,false,true,false,cv44824.xml
[resume_language],pt,true,true,true,cv44824.xml
ingls e espanhol - bsico,en,false,true,false,cv44671.xml
ingls e espanhol - bsico,es,false,true,false,cv44671.xml
[resume_language],pt,true,true,true,cv44671.xml
ingls intermedirio - cultura inglesa.,en,true,true,true,cv43967.xml
espanhol bsico - skill idiomas,es,false,true,false,cv43967.xml
[resume_language],pt,true,true,true,cv43967.xml
[resume_language],pt,true,true,true,cv39532.xml
[resume_language],pt,true,true,true,cv44409.xml
[resume_language],pt,true,true,true,cv45621.xml
[resume_language],pt,true,true,true,cv45034.xml
[resume_language],pt,true,true,true,cv42086.xml
[resume_language],pt,true,true,true,cv43348.xml
[resume_language],pt,true,true,true,cv44209.xml
[resume_language],pt,true,true,true,cv42608.xml
portugus,pt,false,true,false,cv44928.xml
espanhol / avanado,es,false,true,false,cv43414.xml
* certificao michigan english test (met) - 2015,en,false,true,false,cv43414.xml
[resume_language],pt,true,true,true,cv43414.xml
ingls - bsico i e [and] canadenses e praticar mais o ingls.,en,false,true,false,cv44685.xml
[resume_language],pt,true,true,true,cv44685.xml
[resume_language],pt,true,true,true,cv42947.xml
ingls (intermedirio) - espanhol (bsico),en,true,true,true,cv43583.xml
ingls (intermedirio) - espanhol (bsico),es,false,true,false,cv43583.xml
[resume_language],pt,true,true,true,cv43583.xml
[resume_language],pt,true,true,true,cv21330.xml
 cna: ingls [and]  ingls - nvel bsico,en,false,true,false,cv41453.xml
[resume_language],pt,true,true,true,cv41453.xml
[resume_language],pt,true,true,true,cv43497.xml
[resume_language],pt,true,true,true,cv42851.xml
[resume_language],pt,true,true,true,cv44018.xml
[resume_language],pt,true,true,true,cv42673.xml
de 2009  2013 - ingls - wizard - nvel,en,false,true,false,cv43708.xml
hebraico - projeto hebraico grtis [and] hebraico - projeto hebraico grtis - nvel bsico,he,false,true,false,cv43708.xml
[resume_language],pt,true,true,true,cv43708.xml
[resume_language],pt,true,true,true,cv44531.xml
[resume_language],pt,true,true,true,cv42152.xml
[resume_language],pt,true,true,true,cv44275.xml
[resume_language],pt,true,true,true,cv45494.xml
ingls: escrita bsico  fala: bsico ,en,true,true,true,cv42297.xml
[resume_language],pt,true,true,true,cv42297.xml
[resume_language],pt,true,true,true,cv41539.xml
ingls fluente.,en,true,true,true,cv45580.xml
[resume_language],pt,true,true,true,cv45580.xml
[resume_language],pt,true,true,true,cv39507.xml
ingls:,en,false,true,false,cv43192.xml
[resume_language],pt,true,true,true,cv43192.xml
[resume_language],pt,true,true,true,cv45036.xml
 ingls - nvel intermedirio,en,true,true,true,cv43448.xml
[resume_language],pt,true,true,true,cv43448.xml
ingls intermedirio - wise up,en,true,true,true,cv44964.xml
[resume_language],pt,true,true,true,cv44964.xml
[resume_language],pt,true,true,true,cv42171.xml
ingls instrumental,en,false,true,false,cv44234.xml
[resume_language],pt,true,true,true,cv44234.xml
espanhol - intermedirio,es,true,true,true,cv44684.xml
[resume_language],pt,true,true,true,cv44684.xml
[resume_language],pt,true,true,true,cv44848.xml
[resume_language],pt,true,true,true,cv45326.xml
 ingls: avanado,en,false,true,false,cv44487.xml
 francs: bsico,fr,false,true,false,cv44487.xml
[resume_language],pt,true,true,true,cv44487.xml
ingls e italiano: avanados;,en,false,true,false,cv44697.xml
ingls e italiano: avanados;,it,false,true,false,cv44697.xml
[resume_language],pt,true,true,true,cv44697.xml
[resume_language],pt,true,true,true,cv45193.xml
[resume_language],pt,true,true,true,cv44825.xml
- ingls: nvel intermedirio.,en,true,true,true,cv42182.xml
[resume_language],pt,true,true,true,cv42182.xml
[resume_language],pt,true,true,true,cv41601.xml
[resume_language],pt,true,true,true,cv42568.xml
ingls e espanhol avanado,en,false,true,false,cv45075.xml
ingls e espanhol avanado,es,false,true,false,cv45075.xml
[resume_language],pt,true,true,true,cv45075.xml
[resume_language],pt,true,true,true,cv45884.xml
[resume_language],pt,true,true,true,cv42565.xml
[resume_language],pt,true,true,true,cv44364.xml
[resume_language],pt,true,true,true,cv44692.xml
 ingls intermedirio (cursando com professor,en,true,true,true,cv44221.xml
 espanhol bsico,es,false,true,false,cv44221.xml
[resume_language],pt,true,true,true,cv44221.xml
[resume_language],pt,true,true,true,cv44233.xml
[resume_language],pt,true,true,true,cv45855.xml
[resume_language],pt,true,true,true,cv44387.xml
 ingls fluente,en,true,true,true,cv44571.xml
[resume_language],pt,true,true,true,cv44571.xml
[resume_language],pt,true,true,true,cv44560.xml
[resume_language],pt,true,true,true,cv44270.xml
ingls - intermedirio - trancado,en,true,true,true,cv42224.xml
espanhol - intermedirio - trancado,es,true,true,true,cv42224.xml
[resume_language],pt,true,true,true,cv42224.xml
[resume_language],pt,true,true,true,cv43286.xml
[resume_language],pt,true,true,true,cv43062.xml
[resume_language],pt,true,true,true,cv42909.xml
 ingls - intermedirio - fisk,en,true,true,true,cv44708.xml
 espanhol - avanado - viagens,es,false,true,false,cv44708.xml
[resume_language],pt,true,true,true,cv44708.xml
[resume_language],pt,true,true,true,cv45125.xml
[resume_language],en,true,true,true,cv39515.xml
 ingls intermedirio;,en,true,true,true,cv45108.xml
[resume_language],pt,true,true,true,cv45108.xml
 ingls  nvel tcnico,en,false,true,false,cv41940.xml
[resume_language],pt,true,true,true,cv41940.xml
 ingls intermedirio - ago./2015 ,en,true,true,true,cv42212.xml
[resume_language],pt,true,true,true,cv42212.xml
[resume_language],pt,true,true,true,cv42085.xml
[resume_language],pt,true,true,true,cv42536.xml
[resume_language],pt,true,true,true,cv44785.xml
ingls: intermedirio,en,true,true,true,cv43509.xml
[resume_language],pt,true,true,true,cv43509.xml
ingls avanado espanhol bsico,en,false,true,false,cv44289.xml
ingls avanado espanhol bsico,es,false,true,false,cv44289.xml
[resume_language],pt,true,true,true,cv44289.xml
[resume_language],pt,true,true,true,cv45789.xml
 ingls intermedirio / ingls tcnico. [and]  ingls intermedirio / ingls tcnico.,en,true,true,true,cv45664.xml
 japons intermedirio. [and] certificate japanese language proficiency nvel 3,ja,true,true,true,cv45664.xml
[resume_language],pt,true,true,true,cv45664.xml
 ingls tcnico para leitura fluente,en,true,true,true,cv42809.xml
[resume_language],pt,true,true,true,cv42809.xml
ingls avanado - unb idiomas ,en,false,true,false,cv43138.xml
[resume_language],pt,true,true,true,cv43138.xml
idioma ingls intermedirio - tcnico,en,true,true,true,cv41371.xml
[resume_language],pt,true,true,true,cv41371.xml
ingls (bsico),en,false,true,false,cv42109.xml
[resume_language],pt,true,true,true,cv42109.xml
[resume_language],pt,true,true,true,cv44238.xml
[resume_language],pt,true,true,true,cv44707.xml
[resume_language],pt,true,true,true,cv38451.xml
[resume_language],pt,true,true,true,cv44287.xml
[resume_language],pt,true,true,true,cv42687.xml
[resume_language],pt,true,true,true,cv44631.xml
[resume_language],pt,true,true,true,cv44354.xml
portugus - nativo;,pt,false,true,false,cv45763.xml
ingls - avanado.,en,false,true,false,cv45763.xml
ingls,en,false,true,false,cv42921.xml
japons,ja,false,true,false,cv42921.xml
[resume_language],pt,true,true,true,cv42921.xml
ingls bsico/tcnico,en,false,true,false,cv43942.xml
[resume_language],pt,true,true,true,cv43942.xml
my native language i speak english  german  portuguese and french. [mother_tongue],en,true,true,true,cv39648.xml
native language i speak english  german  portuguese and french.,de,true,true,true,cv39648.xml
 ingls-tcnico,en,false,true,false,cv44191.xml
 espanhol - tcnico,es,false,true,false,cv44191.xml
[resume_language],pt,true,true,true,cv44191.xml
[resume_language],pt,true,true,true,cv42210.xml
ingls - fala(bsico); escreve(intermedirio); l(intermedirio),en,true,true,true,cv44533.xml
[resume_language],pt,true,true,true,cv44533.xml
 espanhol - avanado  ingls,es,false,true,false,cv45435.xml
 espanhol - avanado  ingls - avanado  portugus,en,false,true,false,cv45435.xml
 ingls - avanado  portugus - nativo,pt,false,true,false,cv45435.xml
ingls de nvel tcnico e,en,false,true,false,cv43397.xml
[resume_language],pt,true,true,true,cv43397.xml
 ingls bsico.,en,false,true,false,cv43975.xml
[resume_language],pt,true,true,true,cv43975.xml
[resume_language],pt,true,true,true,cv45912.xml
[resume_language],pt,true,true,true,cv42267.xml
	ingls (nvel bsico),en,false,true,false,cv45480.xml
[resume_language],pt,true,true,true,cv45480.xml
[resume_language],pt,true,true,true,cv43644.xml
	ingls - nvel intermedirio,en,true,true,true,cv44457.xml
[resume_language],pt,true,true,true,cv44457.xml
[resume_language],pt,true,true,true,cv44776.xml
[resume_language],pt,true,true,true,cv45695.xml
 ingls - intermedirio 3 [and]  ingls - intermedirio - 5,en,true,true,true,cv42436.xml
[resume_language],pt,true,true,true,cv42436.xml
[resume_language],pt,true,true,true,cv44320.xml
[resume_language],pt,true,true,true,cv44601.xml
[resume_language],pt,true,true,true,cv42504.xml
 ingls: leitura  escrita e conversao,en,true,true,true,cv42475.xml
 espanhol: leitura  escrita e conversao,es,true,true,true,cv42475.xml
[resume_language],pt,true,true,true,cv42475.xml
[resume_language],pt,true,true,true,cv41640.xml
 portugus: nativo.,pt,false,true,false,cv43689.xml
 ingls: intermedirio/avanado.,en,true,true,true,cv43689.xml
 espanhol: bsico.,es,false,true,false,cv43689.xml
 ingls intermedirio;,en,true,true,true,cv44758.xml
[resume_language],pt,true,true,true,cv44758.xml
[resume_language],pt,true,true,true,cv42362.xml
[resume_language],pt,true,true,true,cv42091.xml
[resume_language],pt,true,true,true,cv42477.xml
ingls - nvel bsico [and] brasas english course em braslia -,en,false,true,false,cv44121.xml
[resume_language],pt,true,true,true,cv44121.xml
[resume_language],pt,true,true,true,cv43469.xml
[resume_language],pt,true,true,true,cv44339.xml
portugus nativo  ingls intermedirio  espanhol,pt,true,true,true,cv42395.xml
portugus nativo  ingls intermedirio  espanhol bsico.,en,true,true,true,cv42395.xml
portugus nativo  ingls intermedirio  espanhol bsico.,es,false,true,false,cv42395.xml
[resume_language],pt,true,true,true,cv39624.xml
ingls - avanado  leitura  escrita,en,true,true,true,cv44335.xml
alemo - bsico  leitura  escrita,de,true,true,true,cv44335.xml
[resume_language],pt,true,true,true,cv44335.xml
idioma: ingls intermedirio  boa leitura e,en,true,true,true,cv20075.xml
[resume_language],pt,true,true,true,cv20075.xml
espanhol	reasonable	nada	reasonable	reasonable,es,false,true,false,cv43977.xml
ingls	intermediate	intermediate	excelent,en,false,true,false,cv43977.xml
[resume_language],pt,true,true,true,cv45262.xml
[resume_language],pt,true,true,true,cv45359.xml
ingls bsico (minha experincia com,en,false,true,false,cv45562.xml
[resume_language],pt,true,true,true,cv45562.xml
[resume_language],pt,true,true,true,cv43870.xml
[resume_language],pt,true,true,true,cv44953.xml
[resume_language],pt,true,true,true,cv44605.xml
 winners (descriao do curso: ingls bsico e intermedirio; local:,en,true,true,true,cv45283.xml
[resume_language],pt,true,true,true,cv45283.xml
ingls bsico,en,false,true,false,cv43625.xml
[resume_language],pt,true,true,true,cv43625.xml
[resume_language],pt,true,true,true,cv39534.xml
[resume_language],pt,true,true,true,cv42003.xml
[resume_language],pt,true,true,true,cv39658.xml
[resume_language],pt,true,true,true,cv44286.xml
 ingls instrumental avanado (leitura fluente,en,true,true,true,cv39738.xml
[resume_language],pt,true,true,true,cv39738.xml
ingls - centro interescolar de,en,false,true,false,cv43064.xml
[resume_language],pt,true,true,true,cv43064.xml
 ingls intermedirio.,en,true,true,true,cv44058.xml
[resume_language],pt,true,true,true,cv44058.xml
ingls: fala: bsico escrita: bsico,en,true,true,true,cv43060.xml
espanhol: fala: bsico escrita: bsico,es,true,true,true,cv43060.xml
italiano: fala: intermedirio escrita: intermedirio,it,true,true,true,cv43060.xml
francs: fala: intermedirio escrita: intermediria,fr,true,true,true,cv43060.xml
[resume_language],pt,true,true,true,cv43060.xml
[resume_language],pt,true,true,true,cv43146.xml
portugues (nativo)  ingls (intermedirio/avanado),en,true,true,true,cv42429.xml
[resume_language],pt,true,true,true,cv42429.xml
ingls tcnico (leitura e escrita) ,en,true,true,true,cv42734.xml
ingls tcnico (leitura e escrita)  espanhol (bsico),es,false,true,false,cv42734.xml
[resume_language],pt,true,true,true,cv42734.xml
espanhol:,es,false,true,false,cv42365.xml
ingls:,en,false,true,false,cv42365.xml
[resume_language],pt,true,true,true,cv42365.xml
ingls leitura: avanado [and] ingls fluente: intermedirio,en,true,true,true,cv43510.xml
[resume_language],pt,true,true,true,cv43510.xml
[resume_language],pt,true,true,true,cv39666.xml
[resume_language],pt,true,true,true,cv42861.xml
[resume_language],pt,true,true,true,cv44306.xml
[resume_language],pt,true,true,true,cv41636.xml
[resume_language],pt,true,true,true,cv44588.xml
[resume_language],pt,true,true,true,cv43100.xml
[resume_language],pt,true,true,true,cv44350.xml
ingls intermedirio,en,true,true,true,cv43240.xml
[resume_language],pt,true,true,true,cv43240.xml
 ingls - intermedirio,en,true,true,true,cv45197.xml
 espanhol - bsico,es,false,true,false,cv45197.xml
[resume_language],pt,true,true,true,cv45197.xml
 ingls: fala razovel; escreve muito,en,false,true,false,cv43537.xml
 espanhol: fala muito bem; escreve,es,false,true,false,cv43537.xml
[resume_language],pt,true,true,true,cv43537.xml
[resume_language],pt,true,true,true,cv43693.xml
[resume_language],pt,true,true,true,cv44075.xml
ingls - de avanado para,en,false,true,false,cv43493.xml
espanhol - intermedirio,es,true,true,true,cv43493.xml
[resume_language],pt,true,true,true,cv43493.xml
ingls - de avanado para,en,false,true,false,cv44194.xml
espanhol - intermedirio,es,true,true,true,cv44194.xml
[resume_language],pt,true,true,true,cv44194.xml
[resume_language],pt,true,true,true,cv42785.xml
 ingls - nvel tcnico (leitura,en,false,true,false,cv43516.xml
 espanhol - nvel intermedirio (leitura),es,true,true,true,cv43516.xml
[resume_language],pt,true,true,true,cv43516.xml
[resume_language],pt,true,true,true,cv42211.xml
[resume_language],pt,true,true,true,cv44833.xml
[resume_language],pt,true,true,true,cv42912.xml
 ingls intermedirio - escola wiseup.,en,true,true,true,cv44966.xml
[resume_language],pt,true,true,true,cv44966.xml
[resume_language],pt,true,true,true,cv40195.xml
[resume_language],pt,true,true,true,cv45347.xml
[resume_language],pt,true,true,true,cv42471.xml
[resume_language],pt,true,true,true,cv45035.xml
[resume_language],pt,true,true,true,cv42580.xml
 ingls - intermedirio.,en,true,true,true,cv44192.xml
[resume_language],pt,true,true,true,cv44192.xml
[resume_language],pt,true,true,true,cv45148.xml
[resume_language],pt,true,true,true,cv44573.xml
[resume_language],pt,true,true,true,cv44792.xml
[resume_language],cs,true,true,true,cv43110.xml
programming (principalmente para	 ingls: intermedirio,en,true,true,true,cv43731.xml
[resume_language],pt,true,true,true,cv43731.xml
ingls intermedirio,en,true,true,true,cv41777.xml
espanhol bsico,es,false,true,false,cv41777.xml
[resume_language],pt,true,true,true,cv41777.xml
ingls intermedirio,en,true,true,true,cv43210.xml
- espanhol intermedirio,es,true,true,true,cv43210.xml
[resume_language],pt,true,true,true,cv43210.xml
 ingls at1 - cultura inglesa,en,false,true,false,cv44200.xml
[resume_language],pt,true,true,true,cv44200.xml
[resume_language],pt,true,true,true,cv42885.xml
ingls	- nvel bsico(leitura e,en,false,true,false,cv44694.xml
espanhol - nvel avanado (habilidade,es,false,true,false,cv44694.xml
[resume_language],pt,true,true,true,cv44694.xml
ingls avanado.,en,false,true,false,cv45116.xml
espanhol bsico.,es,false,true,false,cv45116.xml
[resume_language],pt,true,true,true,cv45116.xml
curso relacionado: espanhol - intermedirio.,es,true,true,true,cv44855.xml
curso relacionado: ingls tcnico - intermedirio.,en,true,true,true,cv44855.xml
[resume_language],pt,true,true,true,cv44855.xml
[resume_language],pt,true,true,true,cv43004.xml
[resume_language],pt,true,true,true,cv44796.xml
[resume_language],pt,true,true,true,cv45205.xml
* ingls intermedirio (em curso),en,true,true,true,cv44782.xml
[resume_language],pt,true,true,true,cv44782.xml
 ingls intermedirio,en,true,true,true,cv42155.xml
 espanhol intermedirio,es,true,true,true,cv42155.xml
[resume_language],pt,true,true,true,cv42155.xml
[resume_language],pt,true,true,true,cv42178.xml
[resume_language],pt,true,true,true,cv42274.xml
[resume_language],pt,true,true,true,cv40872.xml
[resume_language],pt,true,true,true,cv44822.xml
ingls - intermedirio,en,true,true,true,cv43028.xml
espanhol - intermedirio,es,true,true,true,cv43028.xml
[resume_language],pt,true,true,true,cv43028.xml
ingls - intermedirio,en,true,true,true,cv45481.xml
[resume_language],pt,true,true,true,cv45481.xml
[resume_language],pt,true,true,true,cv45086.xml
[resume_language],pt,true,true,true,cv44246.xml
ingls  portugus  francs (avanado) italiano ,en,false,true,false,cv40508.xml
ingls  portugus  francs (avanado) italiano  espanhol,pt,false,true,false,cv40508.xml
ingls  portugus  francs (avanado) italiano  espanhol (boa,fr,false,true,false,cv40508.xml
ingls  portugus  francs (avanado) italiano  espanhol (boa leitura escrita),it,true,true,true,cv40508.xml
ingls  portugus  francs (avanado) italiano  espanhol (boa leitura escrita) russo,es,true,true,true,cv40508.xml
italiano  espanhol (boa leitura escrita) russo (bsico),ru,false,true,false,cv40508.xml
ingls intermedirio,en,true,true,true,cv44961.xml
[resume_language],pt,true,true,true,cv44961.xml
[resume_language],pt,true,true,true,cv45294.xml
[resume_language],pt,true,true,true,cv42620.xml
[resume_language],pt,true,true,true,cv42263.xml
[resume_language],pt,true,true,true,cv42572.xml
 espanhol fluente (dez/09) > clc,es,true,true,true,cv45583.xml
[resume_language],pt,true,true,true,cv45583.xml
[resume_language],pt,true,true,true,cv43369.xml
[resume_language],pt,true,true,true,cv45324.xml
especialista em ti com ingls fluente  certificao scrum.org e [and] ingls fluente,en,true,true,true,cv45821.xml
[resume_language],pt,true,true,true,cv45821.xml
[resume_language],pt,true,true,true,cv43158.xml
 ingls (leitura - escrita -,en,true,true,true,cv45068.xml
 espanhol (leitura - fala intermediria),es,false,true,false,cv45068.xml
[resume_language],pt,true,true,true,cv45068.xml
ingls: conversao (intermediaria) leitura (,en,false,true,false,cv45452.xml
[resume_language],pt,true,true,true,cv45452.xml
[resume_language],pt,true,true,true,cv45120.xml
[resume_language],pt,true,true,true,cv44367.xml
ingls intermedirio.,en,true,true,true,cv41853.xml
[resume_language],pt,true,true,true,cv41853.xml
[resume_language],pt,true,true,true,cv38677.xml
ingls avanado.,en,false,true,false,cv44169.xml
[resume_language],pt,true,true,true,cv44169.xml
[resume_language],pt,true,true,true,cv39657.xml
[resume_language],pt,true,true,true,cv44753.xml
[resume_language],pt,true,true,true,cv39636.xml
[resume_language],pt,true,true,true,cv42191.xml
 ingls intermedirio,en,true,true,true,cv44237.xml
[resume_language],pt,true,true,true,cv44237.xml
[resume_language],pt,true,true,true,cv45874.xml
[resume_language],pt,true,true,true,cv45184.xml
 ingls (nvel intermedirio) - yes,en,true,true,true,cv44757.xml
[resume_language],pt,true,true,true,cv44757.xml
converso bem ingls  sobre assuntos profissionais e,en,false,true,false,cv43507.xml
[resume_language],pt,true,true,true,cv43507.xml
[resume_language],pt,true,true,true,cv42708.xml
[resume_language],pt,true,true,true,cv42907.xml
[resume_language],pt,true,true,true,cv44739.xml
[resume_language],pt,true,true,true,cv43350.xml
[resume_language],pt,true,true,true,cv45322.xml
 ingls fluente	 tcnicas avanadas,en,true,true,true,cv42584.xml
 espanhol bsico	lotus note  evernote ,es,false,true,false,cv42584.xml
[resume_language],pt,true,true,true,cv42584.xml
[resume_language],pt,true,true,true,cv42588.xml
ingls nvel intermedirio;,en,true,true,true,cv41773.xml
[resume_language],pt,true,true,true,cv41773.xml
ingls - leitura - avanada,en,false,true,false,cv44091.xml
[resume_language],pt,true,true,true,cv44091.xml
[resume_language],pt,true,true,true,cv37384.xml
[resume_language],pt,true,true,true,cv42808.xml
ingls - intermedirio,en,true,true,true,cv43408.xml
[resume_language],pt,true,true,true,cv43408.xml
[resume_language],pt,true,true,true,cv43097.xml
[resume_language],pt,true,true,true,cv45496.xml
[resume_language],pt,true,true,true,cv44176.xml
[resume_language],pt,true,true,true,cv44118.xml
[resume_language],pt,true,true,true,cv43542.xml
 ingls - leitura/escrita fluentes  fala,en,true,true,true,cv44181.xml
[resume_language],pt,true,true,true,cv44181.xml
[resume_language],pt,true,true,true,cv42505.xml
individual; ingls intermedirio; sade suplementar -,en,true,true,true,cv45598.xml
[resume_language],pt,true,true,true,cv45598.xml
[resume_language],pt,true,true,true,cv45301.xml
[resume_language],pt,true,true,true,cv40121.xml
[resume_language],pt,true,true,true,cv45701.xml
[resume_language],en,true,true,true,cv39481.xml
 ingls (intermedirio),en,true,true,true,cv42444.xml
[resume_language],pt,true,true,true,cv42444.xml
ingls - cursando - rockfeller,en,false,true,false,cv44123.xml
[resume_language],pt,true,true,true,cv44123.xml
ingls - avanado,en,false,true,false,cv35152.xml
espanhol - intermedirio,es,true,true,true,cv35152.xml
[resume_language],pt,true,true,true,cv35152.xml
[resume_language],pt,true,true,true,cv42405.xml
- espanhol - nvel intermedirio;,es,true,true,true,cv42815.xml
[resume_language],pt,true,true,true,cv42815.xml
[resume_language],pt,true,true,true,cv44020.xml
 ingls intermedirio (cursando aulas particulares),en,true,true,true,cv44844.xml
[resume_language],pt,true,true,true,cv44844.xml
ingls - intermedirio,en,true,true,true,cv44974.xml
[resume_language],pt,true,true,true,cv44974.xml
[resume_language],pt,true,true,true,cv45438.xml
[resume_language],pt,true,true,true,cv40063.xml
[resume_language],pt,true,true,true,cv44699.xml
[resume_language],pt,true,true,true,cv42226.xml
 ingls bsico/intermedirio em desenvolvimento,en,true,true,true,cv45154.xml
[resume_language],pt,true,true,true,cv45154.xml
[resume_language],pt,true,true,true,cv41590.xml
[resume_language],pt,true,true,true,cv39542.xml
[resume_language],pt,true,true,true,cv43071.xml
[resume_language],pt,true,true,true,cv39469.xml
[resume_language],pt,true,true,true,cv45334.xml
[resume_language],pt,true,true,true,cv44578.xml
[resume_language],pt,true,true,true,cv44759.xml
[resume_language],pt,true,true,true,cv41240.xml
[resume_language],pt,true,true,true,cv44048.xml
 ingls intermedirio.,en,true,true,true,cv44198.xml
[resume_language],pt,true,true,true,cv44198.xml
 espanhol: leitura avanada  escrita avanada ,es,true,true,true,cv45102.xml
 ingls: leitura bsica  escrita bsica ,en,true,true,true,cv45102.xml
[resume_language],pt,true,true,true,cv45102.xml
ingls: leitura fluente  escrita fluente ,en,true,true,true,cv45564.xml
[resume_language],pt,true,true,true,cv45564.xml
 ingls fluente,en,true,true,true,cv44236.xml
 espanhol bsico,es,false,true,false,cv44236.xml
[resume_language],pt,true,true,true,cv44236.xml
[resume_language],pt,true,true,true,cv44374.xml
[resume_language],pt,true,true,true,cv42431.xml
[resume_language],pt,true,true,true,cv42939.xml
[resume_language],pt,true,true,true,cv45130.xml
ingls avanado,en,false,true,false,cv42396.xml
espanhol intermedirio,es,true,true,true,cv42396.xml
[resume_language],pt,true,true,true,cv42396.xml
[resume_language],pt,true,true,true,cv40561.xml
[resume_language],pt,true,true,true,cv44643.xml
[resume_language],pt,true,true,true,cv44941.xml
 ingls bsico/intermedirio,en,true,true,true,cv44617.xml
[resume_language],pt,true,true,true,cv44617.xml
* espanhol - nvel intermedirio,es,true,true,true,cv44247.xml
[resume_language],pt,true,true,true,cv44247.xml
ingls e portugus (fluente),en,true,true,true,cv41790.xml
ingls e portugus (fluente),pt,true,true,true,cv41790.xml
[resume_language],pt,true,true,true,cv42519.xml
ingls	(avanado),en,false,true,false,cv44170.xml
espanhol	(avanado),es,false,true,false,cv44170.xml
[resume_language],pt,true,true,true,cv44170.xml
[resume_language],pt,true,true,true,cv45083.xml
 idioma ingls - nvel intermedirio (conversao:,en,true,true,true,cv44991.xml
[resume_language],pt,true,true,true,cv44991.xml
 ingls intermedirio - cursando -,en,true,true,true,cv41373.xml
[resume_language],pt,true,true,true,cv41373.xml
espanhol bsico,es,false,true,false,cv42707.xml
[resume_language],pt,true,true,true,cv42707.xml
[resume_language],pt,true,true,true,cv39509.xml
castelhano nvel: nativo,es,false,true,false,cv43632.xml
portugus	nvel: avanado fluente,pt,true,true,true,cv43632.xml
ingls	nvel: avanado (incluindo linguagem,en,false,true,false,cv43632.xml
 ingls fluente,en,true,true,true,cv40423.xml
 espanhol bsico,es,false,true,false,cv40423.xml
[resume_language],pt,true,true,true,cv40423.xml
 ingls tcnico (leitura) - intermedirio.,en,true,true,true,cv45697.xml
[resume_language],pt,true,true,true,cv45697.xml
[resume_language],pt,true,true,true,cv44431.xml
[resume_language],en,true,true,true,cv39557.xml
espanhol - intermedirio / ingls,es,true,true,true,cv42409.xml
espanhol - intermedirio / ingls - bsico,en,false,true,false,cv42409.xml
[resume_language],pt,true,true,true,cv42409.xml
ingls intermedirio,en,true,true,true,cv43336.xml
[resume_language],pt,true,true,true,cv43336.xml
 ingls  nvel intermedirio (cultura inglesa),en,true,true,true,cv43150.xml
[resume_language],pt,true,true,true,cv43150.xml
[resume_language],pt,true,true,true,cv44060.xml
[resume_language],pt,true,true,true,cv41411.xml
[resume_language],pt,true,true,true,cv44532.xml
ingls: intermedirio,en,true,true,true,cv44994.xml
[resume_language],pt,true,true,true,cv44994.xml
ingls	intermedirio,en,true,true,true,cv44331.xml
espanhol	bsico,es,false,true,false,cv44331.xml
[resume_language],pt,true,true,true,cv44331.xml
[resume_language],pt,true,true,true,cv44189.xml
[resume_language],pt,true,true,true,cv43260.xml
[resume_language],pt,true,true,true,cv44402.xml
[resume_language],pt,true,true,true,cv42166.xml
desde 2016 - ingls- english live - nvel [and] desde 2016 - ingls- english live - nvel intermedirio,en,true,true,true,cv45153.xml
[resume_language],pt,true,true,true,cv45153.xml
ingls - bsico,en,false,true,false,cv41718.xml
[resume_language],pt,true,true,true,cv41718.xml
[resume_language],pt,true,true,true,cv39631.xml
espanhol / avanado,es,false,true,false,cv43413.xml
* certificao michigan english test (met) - 2015,en,false,true,false,cv43413.xml
[resume_language],pt,true,true,true,cv43413.xml
ingls intermedirio - yazigi,en,true,true,true,cv43462.xml
[resume_language],pt,true,true,true,cv43462.xml
curso de ingls cursando (intermedirio). [and] em gramtica e entendimento de ingls.,en,true,true,true,cv43176.xml
- curso de espanhol cursando (pr-intermedirio).,es,true,true,true,cv43176.xml
[resume_language],pt,true,true,true,cv43176.xml
[resume_language],pt,true,true,true,cv44570.xml
[resume_language],pt,true,true,true,cv42223.xml
ingls - bsico / intermedirio,en,true,true,true,cv44764.xml
espanhol - bsico,es,false,true,false,cv44764.xml
[resume_language],pt,true,true,true,cv44764.xml
[resume_language],pt,true,true,true,cv42425.xml
[resume_language],pt,true,true,true,cv41460.xml
[resume_language],pt,true,true,true,cv39942.xml
 ingls: bsico / tcnico,en,false,true,false,cv45230.xml
 espanhol: intermedirio,es,true,true,true,cv45230.xml
[resume_language],pt,true,true,true,cv45230.xml
[resume_language],pt,true,true,true,cv44279.xml
ingls e espanhol - nvel,en,false,true,false,cv42983.xml
ingls e espanhol - nvel intermedirio.,es,true,true,true,cv42983.xml
[resume_language],pt,true,true,true,cv42983.xml
ingls	intermedirio,en,true,true,true,cv44260.xml
espanhol	intermedirio,es,true,true,true,cv44260.xml
[resume_language],pt,true,true,true,cv44260.xml
[resume_language],pt,true,true,true,cv42502.xml
[resume_language],pt,true,true,true,cv44112.xml
[resume_language],pt,true,true,true,cv42945.xml
 ingls: intermedirio,en,true,true,true,cv44783.xml
[resume_language],pt,true,true,true,cv44783.xml
[resume_language],pt,true,true,true,cv42788.xml
[mother_tongue],pt,true,true,true,cv43643.xml
 ingls intermedirio - cultura inglesa,en,true,true,true,cv45070.xml
[resume_language],pt,true,true,true,cv45070.xml
 ingls - nvel intermedirio (cursando),en,true,true,true,cv44794.xml
[resume_language],pt,true,true,true,cv44794.xml
[resume_language],pt,true,true,true,cv43809.xml
[resume_language],pt,true,true,true,cv44417.xml
[resume_language],pt,true,true,true,cv45812.xml
[resume_language],pt,true,true,true,cv43043.xml
[resume_language],pt,true,true,true,cv42739.xml
[resume_language],pt,true,true,true,cv42125.xml
ingls tcnico / intermedirio (leitura),en,true,true,true,cv42081.xml
[resume_language],pt,true,true,true,cv42081.xml
2009 - 2012 ingls - leitura  escrita e [and] fisk - english courses  aracaju/se  brasil. [and] minds - english school  aracaju/se  brasil.,en,true,true,true,cv45870.xml
2005 - 2007 espanhol - leitura  escrita e,es,true,true,true,cv45870.xml
[resume_language],pt,true,true,true,cv45870.xml
 ingls - nvel intermedirio (curso,en,true,true,true,cv43379.xml
[resume_language],pt,true,true,true,cv43379.xml
[resume_language],pt,true,true,true,cv45456.xml
[resume_language],pt,true,true,true,cv43201.xml
 ingls fluente  experincia morando fora [and]  ingls fluente para escrita e,en,true,true,true,cv43833.xml
[resume_language],pt,true,true,true,cv43833.xml
[resume_language],pt,true,true,true,cv45448.xml
[resume_language],pt,true,true,true,cv42700.xml
[resume_language],pt,true,true,true,cv44508.xml
ingls - intermedirio.,en,true,true,true,cv43046.xml
[resume_language],pt,true,true,true,cv43046.xml
[resume_language],pt,true,true,true,cv44990.xml
[resume_language],pt,true,true,true,cv42668.xml
[resume_language],pt,true,true,true,cv44873.xml
[resume_language],pt,true,true,true,cv43586.xml
ingls: intermedirio,en,true,true,true,cv44406.xml
espanhol: intermedirio,es,true,true,true,cv44406.xml
[resume_language],pt,true,true,true,cv44406.xml
[resume_language],pt,true,true,true,cv45813.xml
espanhol	   ,es,false,true,false,cv41785.xml
ingls	   ,en,false,true,false,cv41785.xml
portugus	   ,pt,false,true,false,cv41785.xml
[resume_language],pt,true,true,true,cv43999.xml
[resume_language],pt,true,true,true,cv44429.xml
ingls intermedirio oral/ escrita (curso,en,true,true,true,cv44988.xml
[resume_language],pt,true,true,true,cv44988.xml
[resume_language],pt,true,true,true,cv45499.xml
[resume_language],pt,true,true,true,cv43243.xml
 ingls intermedirio.,en,true,true,true,cv44353.xml
[resume_language],pt,true,true,true,cv44353.xml
[resume_language],pt,true,true,true,cv42862.xml
espanhol:,es,false,true,false,cv42975.xml
ingls:,en,false,true,false,cv42975.xml
[resume_language],pt,true,true,true,cv42975.xml
[resume_language],pt,true,true,true,cv42780.xml
[resume_language],pt,true,true,true,cv44313.xml
[resume_language],pt,true,true,true,cv39656.xml
[resume_language],pt,true,true,true,cv45199.xml
[resume_language],pt,true,true,true,cv44924.xml
[resume_language],pt,true,true,true,cv45174.xml
[resume_language],pt,true,true,true,cv43544.xml
[resume_language],pt,true,true,true,cv45696.xml
[resume_language],pt,true,true,true,cv43178.xml
ingls tcnico,en,false,true,false,cv43325.xml
italiano intermedirio,it,true,true,true,cv43325.xml
espanhol bsico,es,false,true,false,cv43325.xml
[resume_language],pt,true,true,true,cv43325.xml
[resume_language],pt,true,true,true,cv43430.xml
[resume_language],en,true,true,true,cv42638.xml
[resume_language],pt,true,true,true,cv44343.xml
ingls - intermedirio,en,true,true,true,cv43513.xml
espanhol - bsico,es,false,true,false,cv43513.xml
[resume_language],pt,true,true,true,cv43513.xml
ingls - intermedirio.,en,true,true,true,cv41977.xml
[resume_language],pt,true,true,true,cv41977.xml
 ingls intermedirio;,en,true,true,true,cv44329.xml
[resume_language],pt,true,true,true,cv44329.xml
ingls - nvel intermedirio,en,true,true,true,cv43501.xml
espanhol - nvel intermedirio,es,true,true,true,cv43501.xml
[resume_language],pt,true,true,true,cv43501.xml
[resume_language],pt,true,true,true,cv45383.xml
[resume_language],pt,true,true,true,cv43053.xml
[resume_language],pt,true,true,true,cv45380.xml
[resume_language],pt,true,true,true,cv43440.xml
[resume_language],pt,true,true,true,cv42979.xml
[resume_language],pt,true,true,true,cv42951.xml
ingls - avanado - vrias,en,false,true,false,cv43447.xml
espanhol - avanado - senac,es,false,true,false,cv43447.xml
[resume_language],pt,true,true,true,cv43447.xml
[resume_language],pt,true,true,true,cv43681.xml
[resume_language],pt,true,true,true,cv44290.xml
[resume_language],pt,true,true,true,cv42359.xml
[resume_language],pt,true,true,true,cv43061.xml
ingls avanado,en,false,true,false,cv44319.xml
[resume_language],pt,true,true,true,cv44319.xml
[resume_language],pt,true,true,true,cv43662.xml
[resume_language],pt,true,true,true,cv43432.xml
[resume_language],pt,true,true,true,cv43661.xml
 ingls- fluente,en,true,true,true,cv44989.xml
 espanhol- fluente,es,true,true,true,cv44989.xml
[resume_language],pt,true,true,true,cv44989.xml
[resume_language],pt,true,true,true,cv45513.xml
idioma: espanhol,es,false,true,false,cv42131.xml
[resume_language],pt,true,true,true,cv42131.xml
o idioma: ingls (avanado),en,false,true,false,cv44195.xml
o idioma: espanhol (avanado),es,false,true,false,cv44195.xml
o idioma: italiano (avanado),it,false,true,false,cv44195.xml
[resume_language],pt,true,true,true,cv44195.xml
[resume_language],pt,true,true,true,cv45741.xml
 ingls intermedirio.,en,true,true,true,cv44477.xml
[resume_language],pt,true,true,true,cv44477.xml
[resume_language],pt,true,true,true,cv42349.xml
[resume_language],pt,true,true,true,cv44346.xml
[resume_language],pt,true,true,true,cv44223.xml
[resume_language],pt,true,true,true,cv43422.xml
ingls tcnico- intermedirio (l e,en,true,true,true,cv44122.xml
[resume_language],pt,true,true,true,cv44122.xml
[resume_language],pt,true,true,true,cv44517.xml
[resume_language],pt,true,true,true,cv41974.xml
spanish	basico,es,false,true,false,cv43521.xml
portuguese	fluente,pt,true,true,true,cv43521.xml
[resume_language],pt,true,true,true,cv42252.xml
[resume_language],pt,true,true,true,cv42835.xml
ingls: intermedirio - fala.,en,true,true,true,cv41763.xml
[resume_language],pt,true,true,true,cv41763.xml
[resume_language],pt,true,true,true,cv44383.xml
[resume_language],pt,true,true,true,cv42498.xml
[resume_language],pt,true,true,true,cv39652.xml
[resume_language],pt,true,true,true,cv45085.xml
ingls proficincia: intermedirio,en,true,true,true,cv44214.xml
[resume_language],pt,true,true,true,cv44214.xml
 portuguese: native language [mother_tongue],pt,true,true,true,cv44225.xml
 english: advanced,en,false,true,false,cv44225.xml
 spanish: basic,es,false,true,false,cv44225.xml
[resume_language],pt,true,true,true,cv45669.xml
[resume_language],pt,true,true,true,cv42264.xml
[resume_language],pt,true,true,true,cv44869.xml
[resume_language],pt,true,true,true,cv43187.xml
[resume_language],pt,true,true,true,cv42894.xml
 espanhol - nvel: intermedirio (escrita,es,true,true,true,cv44001.xml
 ingls - nvel: tcnico (leitura);,en,false,true,false,cv44001.xml
[resume_language],pt,true,true,true,cv44001.xml
[resume_language],pt,true,true,true,cv43316.xml
[resume_language],pt,true,true,true,cv39452.xml
curso concludo em ingls avanado.,en,false,true,false,cv44960.xml
[resume_language],pt,true,true,true,cv44960.xml
ingls bsico/intermedirio - professor particular,en,true,true,true,cv44629.xml
[resume_language],pt,true,true,true,cv44629.xml
* ingls fluente (leitura  escrita  conversao).,en,true,true,true,cv43222.xml
* espanhol intermedirio (leitura e conversao),es,true,true,true,cv43222.xml
[resume_language],pt,true,true,true,cv43222.xml
[resume_language],pt,true,true,true,cv39960.xml
 ingls - nvel intermedirio (prime,en,true,true,true,cv43248.xml
[resume_language],pt,true,true,true,cv43248.xml
[resume_language],pt,true,true,true,cv44074.xml
espanhol fluente  ingls intermedirio,es,true,true,true,cv44361.xml
espanhol fluente  ingls intermedirio,en,true,true,true,cv44361.xml
[resume_language],pt,true,true,true,cv44361.xml
 ingls intermedirio (boa leitura e,en,true,true,true,cv45207.xml
[resume_language],pt,true,true,true,cv45207.xml
ingls avanado para leitura  escrita [and] ingls instrumental avanado para a,en,true,true,true,cv44171.xml
espanhol bsico para leitura e,es,false,true,false,cv44171.xml
[resume_language],pt,true,true,true,cv44171.xml
ingls (intermedirio)  espanhol (bsico)  alemo,en,true,true,true,cv43893.xml
ingls (intermedirio)  espanhol (bsico)  alemo (bsico),es,false,true,false,cv43893.xml
ingls (intermedirio)  espanhol (bsico)  alemo (bsico),de,false,true,false,cv43893.xml
[resume_language],pt,true,true,true,cv43893.xml
ingls  avanado; espanhol  intermedirio.,en,true,true,true,cv43985.xml
ingls  avanado; espanhol  intermedirio.,es,true,true,true,cv43985.xml
[resume_language],pt,true,true,true,cv43985.xml
[resume_language],pt,true,true,true,cv25629.xml
[resume_language],pt,true,true,true,cv44442.xml
[resume_language],pt,true,true,true,cv43315.xml
[resume_language],pt,true,true,true,cv45413.xml
 ingls bsico,en,false,true,false,cv44113.xml
 espanhol bsico,es,false,true,false,cv44113.xml
[resume_language],pt,true,true,true,cv44113.xml
[resume_language],pt,true,true,true,cv44539.xml
[resume_language],pt,true,true,true,cv39464.xml
[resume_language],pt,true,true,true,cv39588.xml
ingls avanado,en,false,true,false,cv45060.xml
- espanhol intermedirio,es,true,true,true,cv45060.xml
[resume_language],pt,true,true,true,cv45060.xml
[resume_language],pt,true,true,true,cv44538.xml
[resume_language],pt,true,true,true,cv42127.xml
[resume_language],pt,true,true,true,cv45182.xml
ingls avanado,en,false,true,false,cv44229.xml
espanhol intermedirio,es,true,true,true,cv44229.xml
[resume_language],pt,true,true,true,cv44229.xml
[resume_language],pt,true,true,true,cv43068.xml
[resume_language],pt,true,true,true,cv45614.xml
ingls - escrita - avanada;,en,true,true,true,cv42812.xml
[resume_language],pt,true,true,true,cv42812.xml
- ingls: avanado (leitura  escrita e,en,true,true,true,cv45319.xml
[resume_language],pt,true,true,true,cv45319.xml
[resume_language],pt,true,true,true,cv45389.xml
[resume_language],pt,true,true,true,cv44201.xml
[resume_language],pt,true,true,true,cv44256.xml
ingls - intermedirio,en,true,true,true,cv42358.xml
espanhol - bsico,es,false,true,false,cv42358.xml
[resume_language],pt,true,true,true,cv42358.xml
ingls intermedirio (leitura  escrita e,en,true,true,true,cv45816.xml
espanhol intermedirio (leitura  escrita e,es,true,true,true,cv45816.xml
[resume_language],pt,true,true,true,cv45816.xml
ingls (fala bsico)  (leitura intermedirio),en,true,true,true,cv45552.xml
[resume_language],pt,true,true,true,cv45552.xml
[resume_language],pt,true,true,true,cv42253.xml
[resume_language],pt,true,true,true,cv44471.xml
[resume_language],pt,true,true,true,cv43529.xml
[resume_language],pt,true,true,true,cv43330.xml
[resume_language],pt,true,true,true,cv44510.xml
[resume_language],pt,true,true,true,cv39720.xml
[resume_language],pt,true,true,true,cv43653.xml
portugus nativo	ingls pr-intermedirio	espanhol,pt,true,true,true,cv40326.xml
portugus nativo	ingls pr-intermedirio	espanhol pr-intermedirio,en,true,true,true,cv40326.xml
portugus nativo	ingls pr-intermedirio	espanhol pr-intermedirio,es,true,true,true,cv40326.xml
[resume_language],pt,true,true,true,cv44445.xml
[resume_language],pt,true,true,true,cv44139.xml
ingls (intermedirio/tcnico) - centro interescolar,en,true,true,true,cv44082.xml
[resume_language],pt,true,true,true,cv44082.xml
[resume_language],pt,true,true,true,cv42842.xml
[resume_language],pt,true,true,true,cv45954.xml
[resume_language],pt,true,true,true,cv39587.xml
[resume_language],pt,true,true,true,cv43393.xml
[resume_language],pt,true,true,true,cv41112.xml
[resume_language],pt,true,true,true,cv44318.xml
[resume_language],pt,true,true,true,cv42266.xml
[resume_language],pt,true,true,true,cv40366.xml
 ingls e espanhol - intermedirio,en,true,true,true,cv42950.xml
 ingls e espanhol - intermedirio,es,true,true,true,cv42950.xml
[resume_language],pt,true,true,true,cv42950.xml
ingls - cursando,en,false,true,false,cv43389.xml
[resume_language],pt,true,true,true,cv43389.xml
	ingls - intermedirio,en,true,true,true,cv44212.xml
[resume_language],pt,true,true,true,cv44212.xml
[resume_language],pt,true,true,true,cv45128.xml
espanhol:,es,false,true,false,cv43989.xml
ingls:,en,false,true,false,cv43989.xml
italiano:,it,false,true,false,cv43989.xml
[resume_language],pt,true,true,true,cv43989.xml
[resume_language],pt,true,true,true,cv45155.xml
[resume_language],pt,true,true,true,cv43169.xml
[resume_language],pt,true,true,true,cv43045.xml
	ingls: leitura  escrita e conversao,en,true,true,true,cv43585.xml
[resume_language],pt,true,true,true,cv43585.xml
[resume_language],pt,true,true,true,cv42634.xml
[resume_language],pt,true,true,true,cv42354.xml
ingls	conversao: bsico  escrito: intermedirio ,en,true,true,true,cv44276.xml
[resume_language],pt,true,true,true,cv44276.xml
[resume_language],pt,true,true,true,cv39639.xml
ingls - avanado,en,false,true,false,cv39953.xml
[resume_language],pt,true,true,true,cv39953.xml
* ingls avanado;,en,false,true,false,cv45067.xml
* espanhol intermedirio.,es,true,true,true,cv45067.xml
[resume_language],pt,true,true,true,cv45067.xml
[resume_language],pt,true,true,true,cv39522.xml
 lngua (ingls) - proficincia (intermedirio),en,true,true,true,cv20106.xml
 lngua (espanhol) - proficincia (bsico),es,false,true,false,cv20106.xml
[resume_language],pt,true,true,true,cv20106.xml
[resume_language],pt,true,true,true,cv44821.xml
[resume_language],pt,true,true,true,cv44207.xml
ingls tcnico (leitura e escrita),en,true,true,true,cv42784.xml
[resume_language],pt,true,true,true,cv42784.xml
poliglota: fluente em ingls  espanhol e italiano. [and] poliglota:fluente em ingls  espanhol e italiano.,en,true,true,true,cv43678.xml
poliglota: fluente em ingls  espanhol e italiano. [and] poliglota:fluente em ingls  espanhol e italiano.,es,true,true,true,cv43678.xml
fluente em ingls  espanhol e italiano. [and] poliglota:fluente em ingls  espanhol e italiano.,it,true,true,true,cv43678.xml
[resume_language],pt,true,true,true,cv43678.xml
ingls	(nvel intermedirio),en,true,true,true,cv44485.xml
espanhol	(nvel intermedirio),es,true,true,true,cv44485.xml
[resume_language],pt,true,true,true,cv44485.xml
[resume_language],pt,true,true,true,cv44467.xml
[resume_language],pt,true,true,true,cv43358.xml
[resume_language],pt,true,true,true,cv45572.xml
[resume_language],pt,true,true,true,cv43415.xml
ingls - intermedirio,en,true,true,true,cv44696.xml
espanhol - bsico,es,false,true,false,cv44696.xml
[resume_language],pt,true,true,true,cv44696.xml
ingls - fluente (leitura  escrita,en,true,true,true,cv44506.xml
[resume_language],pt,true,true,true,cv44506.xml
ingls - (ler  escrever: fluente ,en,true,true,true,cv45729.xml
[resume_language],pt,true,true,true,cv45729.xml
curso de ingls lnstrumental: ministrado pelo instituto [and] ingls fluente,en,true,true,true,cv41833.xml
[resume_language],pt,true,true,true,cv41833.xml
[resume_language],pt,true,true,true,cv39565.xml
 ingls (intermedirio);,en,true,true,true,cv43619.xml
[resume_language],pt,true,true,true,cv43619.xml
ingls,en,false,true,false,cv44679.xml
[resume_language],pt,true,true,true,cv44679.xml
